"Date","Price","Open","High","Low","Vol.","Change %"
"02/13/2025","42.05","42.67","42.67","41.51","517.91K","-4.43%"
"02/12/2025","44.00","43.43","44.37","43.26","944.29K","8.64%"
"02/11/2025","40.50","41.06","41.19","40.50","477.06K","-3.57%"
"02/10/2025","42.00","41.18","42.22","40.96","1.03M","2.66%"
"02/07/2025","40.91","40.88","41.20","40.32","1.04M","6.76%"
"02/06/2025","38.32","38.50","38.98","38.17","1.50M","9.27%"
"02/05/2025","35.07","34.76","35.19","34.67","125.06K","-1.43%"
"02/04/2025","35.58","35.13","35.68","35.13","368.36K","4.34%"
"02/03/2025","34.10","34.13","34.60","33.80","331.93K","1.22%"
"01/31/2025","33.69","34.39","34.49","33.61","138.43K","-1.66%"
"01/30/2025","34.26","33.99","34.50","33.66","123.47K","1.06%"
"01/29/2025","33.90","33.69","34.27","33.69","128.92K","0.00%"
"01/28/2025","33.90","33.44","33.90","33.25","112.30K","1.19%"
"01/27/2025","33.50","33.56","33.79","32.74","307.23K","-0.68%"
"01/24/2025","33.73","33.67","33.83","33.36","97.43K","1.14%"
"01/23/2025","33.35","33.36","33.58","33.15","101.58K","-2.49%"
"01/22/2025","34.20","34.13","34.20","33.86","169.35K","1.00%"
"01/21/2025","33.86","34.55","34.57","33.66","336.69K","-0.41%"
"01/20/2025","34.00","34.03","34.55","33.13","406.76K","2.66%"
"01/17/2025","33.12","32.85","33.32","32.56","225.96K","2.54%"
"01/16/2025","32.30","32.34","32.59","32.23","94.05K","-0.58%"
"01/15/2025","32.49","32.17","32.49","32.00","128.34K","1.40%"
"01/14/2025","32.04","32.19","32.30","31.90","100.33K","2.59%"
"01/13/2025","31.23","31.22","31.39","31.01","144.89K","0.42%"
"01/10/2025","31.10","31.43","31.57","31.10","155.98K","-2.78%"
"01/09/2025","31.99","31.98","32.07","31.83","39.61K","1.01%"
"01/08/2025","31.67","31.64","31.89","31.51","135.50K","-1.95%"
"01/07/2025","32.30","31.93","32.35","31.76","129.72K","1.19%"
"01/06/2025","31.92","32.00","32.70","31.70","308.03K","-2.56%"
"01/03/2025","32.76","32.24","32.94","32.06","331.59K","0.68%"
"01/02/2025","32.54","32.00","32.79","31.78","335.64K","-1.42%"
"12/30/2024","33.01","33.20","33.36","33.01","73.04K","-1.99%"
"12/27/2024","33.68","33.65","33.99","33.55","179.00K","1.08%"
"12/23/2024","33.32","33.31","33.42","33.06","139.35K","0.36%"
"12/20/2024","33.20","33.28","33.29","32.36","199.63K","-0.30%"
"12/19/2024","33.30","33.29","33.44","32.96","96.25K","1.96%"
"12/18/2024","32.66","33.21","33.27","32.64","110.42K","-1.63%"
"12/17/2024","33.20","32.67","33.20","32.43","158.80K","4.73%"
"12/16/2024","31.70","32.22","32.57","31.70","225.13K","-3.97%"
"12/13/2024","33.01","33.15","33.29","32.81","172.48K","-3.20%"
"12/12/2024","34.10","34.22","34.42","33.71","226.42K","1.94%"
"12/11/2024","33.45","33.39","33.59","33.28","200.22K","0.18%"
"12/10/2024","33.39","33.34","33.54","33.06","308.56K","-2.31%"
"12/09/2024","34.18","32.30","34.76","32.30","570.37K","5.92%"
"12/06/2024","32.27","32.23","32.39","32.11","195.18K","3.70%"
"12/05/2024","31.12","31.19","31.37","31.04","172.20K","-1.43%"
"12/04/2024","31.57","31.85","31.94","31.52","171.97K","-1.03%"
"12/03/2024","31.90","32.02","32.24","31.87","142.48K","-0.81%"
"12/02/2024","32.16","31.67","32.16","31.66","260.19K","3.08%"
"11/29/2024","31.20","30.52","31.54","30.50","216.23K","2.40%"
"11/28/2024","30.47","30.50","30.77","30.29","290.55K","-3.58%"
"11/27/2024","31.60","31.34","31.64","31.23","141.63K","0.93%"
"11/26/2024","31.31","31.41","31.55","30.82","326.55K","-1.20%"
"11/25/2024","31.69","31.67","31.94","31.63","196.70K","-1.03%"
"11/22/2024","32.02","31.74","32.17","31.12","306.88K","-0.62%"
"11/21/2024","32.22","32.24","32.39","31.97","167.19K","0.09%"
"11/20/2024","32.19","32.23","32.24","31.95","194.82K","-0.49%"
"11/19/2024","32.35","32.45","32.59","32.21","105.38K","-0.55%"
"11/18/2024","32.53","32.37","32.67","32.26","157.79K","0.81%"
"11/15/2024","32.27","32.11","32.39","31.55","319.31K","0.22%"
"11/14/2024","32.20","32.46","32.49","32.04","238.96K","-2.19%"
"11/13/2024","32.92","33.19","33.44","32.91","223.37K","0.37%"
"11/12/2024","32.80","33.04","33.13","32.71","236.64K","-1.65%"
"11/11/2024","33.35","33.18","33.45","33.01","204.67K","1.71%"
"11/08/2024","32.79","33.37","33.44","32.53","398.56K","-4.37%"
"11/07/2024","34.29","33.30","34.32","33.24","242.58K","2.91%"
"11/06/2024","33.32","33.76","33.98","32.41","961.02K","-3.08%"
"11/05/2024","34.38","34.52","34.69","34.30","233.36K","1.48%"
"11/04/2024","33.88","34.01","34.14","33.60","246.76K","1.22%"
"11/01/2024","33.47","32.80","33.48","32.49","400.02K","-0.98%"
"10/31/2024","33.80","33.50","34.20","33.01","515.83K","-4.79%"
"10/30/2024","35.50","35.20","35.63","33.87","426.11K","0.85%"
"10/29/2024","35.20","35.23","35.74","35.18","235.86K","-0.73%"
"10/28/2024","35.46","35.05","35.68","34.90","555.64K","2.10%"
"10/25/2024","34.73","34.70","34.89","34.44","540.98K","2.00%"
"10/24/2024","34.05","34.03","34.20","33.57","208.67K","0.41%"
"10/23/2024","33.91","34.40","34.54","33.91","232.09K","-0.73%"
"10/22/2024","34.16","33.96","34.19","33.71","183.34K","0.09%"
"10/21/2024","34.13","34.01","34.21","33.82","352.85K","0.38%"
"10/18/2024","34.00","33.74","34.29","33.55","385.45K","6.72%"
"10/17/2024","31.86","32.51","32.60","31.63","510.33K","-1.39%"
"10/16/2024","32.31","32.01","32.37","31.83","256.02K","1.70%"
"10/15/2024","31.77","32.85","32.85","31.71","730.18K","-6.26%"
"10/14/2024","33.89","34.13","34.44","33.52","351.20K","-2.98%"
"10/11/2024","34.93","35.10","35.23","34.35","297.93K","-0.48%"
"10/10/2024","35.10","35.34","35.49","34.61","396.56K","2.18%"
"10/09/2024","34.35","34.05","34.47","33.06","719.49K","-0.12%"
"10/08/2024","34.39","34.51","34.94","33.26","1.84M","-9.07%"
"10/07/2024","37.82","37.41","38.01","36.94","1.01M","7.32%"
"10/04/2024","35.24","35.35","35.67","34.81","1.02M","2.14%"
"10/03/2024","34.50","34.76","35.07","34.23","490.27K","-0.17%"
"10/02/2024","34.56","34.05","34.99","34.01","1.04M","2.77%"
"10/01/2024","33.63","32.04","33.84","31.72","800.13K","5.26%"
"09/30/2024","31.95","33.04","33.39","31.81","832.55K","1.14%"
"09/27/2024","31.59","31.06","31.86","31.06","857.41K","4.22%"
"09/26/2024","30.31","29.51","30.74","29.46","758.61K","3.34%"
"09/25/2024","29.33","29.01","29.40","28.73","223.18K","-0.27%"
"09/24/2024","29.41","28.45","29.49","28.44","563.47K","5.30%"
"09/23/2024","27.93","27.80","28.15","27.57","157.60K","-0.64%"
"09/20/2024","28.11","28.04","28.23","27.85","117.30K","-0.39%"
"09/19/2024","28.22","28.20","28.44","27.95","152.34K","1.00%"
"09/18/2024","27.94","28.00","28.14","27.73","122.02K","0.14%"
"09/17/2024","27.90","27.93","28.06","27.81","119.66K","1.90%"
"09/16/2024","27.38","27.54","27.74","27.38","92.72K","-1.51%"
"09/13/2024","27.80","27.60","27.88","27.60","58.02K","0.69%"
"09/12/2024","27.61","28.00","28.05","27.54","141.02K","-1.57%"
"09/11/2024","28.05","28.00","28.14","27.70","237.30K","3.05%"
"09/10/2024","27.22","27.42","27.62","27.21","101.79K","-0.84%"
"09/09/2024","27.45","27.09","27.45","26.96","103.14K","2.04%"
"09/06/2024","26.90","27.31","27.45","26.87","138.57K","-1.93%"
"09/05/2024","27.43","27.31","27.49","27.07","174.39K","0.96%"
"09/04/2024","27.17","27.17","27.28","27.01","190.58K","0.56%"
"09/03/2024","27.02","27.21","27.36","26.86","165.82K","-0.66%"
"09/02/2024","27.20","27.22","27.48","27.01","104.01K","-1.20%"
"08/30/2024","27.53","28.03","28.03","27.37","409.74K","4.16%"
"08/29/2024","26.43","25.66","26.44","25.59","112.00K","3.40%"
"08/28/2024","25.56","25.93","26.25","25.09","185.81K","-2.55%"
"08/27/2024","26.23","26.23","26.39","26.03","126.84K","1.43%"
"08/26/2024","25.86","26.11","26.29","25.70","95.04K","-0.23%"
"08/23/2024","25.92","26.05","26.24","25.92","65.00K","-0.50%"
"08/22/2024","26.05","26.08","26.30","25.81","66.93K","-0.38%"
"08/21/2024","26.15","25.98","26.15","25.86","52.49K","2.75%"
"08/20/2024","25.45","25.99","26.09","25.30","97.06K","-1.96%"
"08/19/2024","25.96","25.90","25.96","25.72","116.23K","0.00%"
"08/16/2024","25.96","25.80","26.04","25.63","138.00K","1.72%"
"08/15/2024","25.52","25.03","25.67","24.92","117.41K","3.19%"
"08/14/2024","24.73","24.72","24.99","24.57","98.00K","-1.67%"
"08/13/2024","25.15","24.99","25.15","24.87","98.72K","0.76%"
"08/12/2024","24.96","25.11","25.19","24.94","71.29K","-0.95%"
"08/09/2024","25.20","25.11","25.44","25.02","145.18K","2.02%"
"08/08/2024","24.70","24.36","24.98","24.21","103.55K","-0.40%"
"08/07/2024","24.80","24.73","25.25","24.59","174.81K","0.65%"
"08/06/2024","24.64","24.71","24.93","24.45","260.87K","-0.85%"
"08/05/2024","24.85","25.09","25.25","22.86","1.70M","-3.16%"
"08/02/2024","25.66","25.69","25.99","25.36","434.07K","-3.53%"
"08/01/2024","26.60","26.96","27.08","26.30","221.88K","-3.62%"
"07/31/2024","27.60","27.01","27.63","26.83","295.61K","4.15%"
"07/30/2024","26.50","26.44","26.77","26.16","250.28K","-2.82%"
"07/29/2024","27.27","27.46","27.47","27.23","89.84K","-2.61%"
"07/26/2024","28.00","27.93","28.00","27.59","119.37K","0.11%"
"07/25/2024","27.97","27.52","28.01","27.37","121.36K","2.45%"
"07/24/2024","27.30","27.40","27.60","27.10","185.43K","-2.88%"
"07/23/2024","28.11","27.99","28.27","27.80","257.88K","-3.17%"
"07/22/2024","29.03","29.01","29.10","28.73","174.39K","1.50%"
"07/19/2024","28.60","28.50","28.80","28.37","174.19K","2.22%"
"07/18/2024","27.98","28.46","28.58","27.94","143.90K","0.83%"
"07/17/2024","27.75","28.17","28.24","27.64","177.68K","-2.12%"
"07/16/2024","28.35","28.30","28.47","28.15","120.87K","-0.53%"
"07/15/2024","28.50","28.88","28.93","28.50","182.22K","-1.25%"
"07/12/2024","28.86","29.12","29.28","28.80","285.31K","0.21%"
"07/11/2024","28.80","28.49","28.80","28.36","224.71K","1.59%"
"07/10/2024","28.35","28.10","28.35","27.96","203.64K","1.03%"
"07/09/2024","28.06","27.95","28.11","27.66","136.59K","1.93%"
"07/08/2024","27.53","27.59","27.69","27.35","136.69K","-0.90%"
"07/05/2024","27.78","27.80","27.89","27.52","107.23K","1.31%"
"07/04/2024","27.42","27.88","27.97","27.23","175.17K","-0.47%"
"07/03/2024","27.55","27.38","27.69","27.29","103.26K","0.69%"
"07/02/2024","27.36","27.19","27.49","26.94","179.18K","-1.08%"
"07/01/2024","27.66","27.75","27.83","27.41","131.13K","-0.22%"
"06/28/2024","27.72","27.85","27.89","27.46","115.03K","0.87%"
"06/27/2024","27.48","27.79","27.89","27.16","256.36K","-2.86%"
"06/26/2024","28.29","28.51","28.64","28.14","186.24K","-0.35%"
"06/25/2024","28.39","28.70","28.73","28.21","221.76K","-0.56%"
"06/24/2024","28.55","28.27","28.75","28.06","228.64K","1.10%"
"06/21/2024","28.24","28.24","28.36","28.13","159.77K","0.43%"
"06/20/2024","28.12","28.31","28.44","28.08","219.47K","-1.16%"
"06/19/2024","28.45","28.35","28.52","28.29","331.55K","0.92%"
"06/18/2024","28.19","27.76","28.19","27.71","349.10K","1.04%"
"06/17/2024","27.90","27.95","28.07","27.51","372.10K","2.61%"
"06/14/2024","27.19","27.33","27.59","27.07","249.22K","-1.06%"
"06/13/2024","27.48","27.49","27.69","27.17","804.80K","4.45%"
"06/12/2024","26.31","26.40","26.54","25.96","758.41K","-1.68%"
"06/11/2024","26.76","27.26","27.26","26.70","275.38K","0.72%"
"06/10/2024","26.57","26.80","26.95","26.57","112.83K","-0.11%"
"06/07/2024","26.60","26.60","26.88","26.51","145.54K","-1.08%"
"06/06/2024","26.89","27.00","27.14","26.81","203.49K","-2.57%"
"06/05/2024","27.60","27.48","27.60","27.26","278.43K","2.15%"
"06/04/2024","27.02","27.15","27.19","26.96","180.08K","0.60%"
"06/03/2024","26.86","27.43","27.49","26.71","575.27K","3.71%"
"05/31/2024","25.90","26.40","26.48","25.61","183.66K","-1.33%"
"05/30/2024","26.25","26.01","26.37","25.63","372.68K","2.02%"
"05/29/2024","25.73","25.71","25.97","25.48","320.61K","5.32%"
"05/28/2024","24.43","24.31","24.46","24.16","135.76K","0.45%"
"05/27/2024","24.32","24.28","24.49","24.20","139.91K","-1.70%"
"05/24/2024","24.74","24.56","24.80","24.31","245.57K","1.10%"
"05/23/2024","24.47","25.00","25.09","24.46","437.30K","-2.97%"
"05/22/2024","25.22","25.40","25.47","25.01","382.47K","-2.17%"
"05/21/2024","25.78","25.79","25.99","25.53","402.19K","-2.39%"
"05/20/2024","26.41","26.70","26.85","26.36","167.13K","0.57%"
"05/17/2024","26.26","26.39","26.59","26.19","139.81K","-0.76%"
"05/16/2024","26.46","26.00","26.46","25.91","210.51K","1.69%"
"05/15/2024","26.02","25.70","26.39","25.51","488.13K","-1.40%"
"05/14/2024","26.39","26.53","26.61","25.51","812.53K","-0.45%"
"05/13/2024","26.51","26.37","26.77","26.25","220.70K","0.95%"
"05/10/2024","26.26","26.48","26.66","26.26","164.86K","-2.67%"
"05/09/2024","26.98","26.80","26.98","26.61","87.24K","1.77%"
"05/08/2024","26.51","26.68","26.74","26.20","193.60K","-1.85%"
"05/07/2024","27.01","27.01","27.11","26.82","183.35K","0.48%"
"05/06/2024","26.88","26.84","26.99","26.67","213.58K","-0.04%"
"05/03/2024","26.89","27.06","27.19","26.68","318.91K","-1.61%"
"05/02/2024","27.33","26.85","27.48","26.70","712.41K","6.97%"
"04/30/2024","25.55","25.89","25.97","25.45","282.02K","-0.74%"
"04/29/2024","25.74","25.75","26.04","25.11","540.72K","1.22%"
"04/26/2024","25.43","25.45","25.54","25.02","489.09K","5.26%"
"04/25/2024","24.16","24.21","24.44","24.02","185.68K","0.62%"
"04/24/2024","24.01","23.85","24.13","23.80","154.35K","2.17%"
"04/23/2024","23.50","23.60","23.81","23.44","229.74K","-2.41%"
"04/22/2024","24.08","24.01","24.28","23.79","205.72K","0.17%"
"04/19/2024","24.04","24.14","24.35","23.76","244.01K","-1.35%"
"04/18/2024","24.37","24.66","24.69","24.28","171.00K","0.49%"
"04/17/2024","24.25","24.38","24.58","24.11","145.13K","-0.78%"
"04/16/2024","24.44","24.62","24.65","24.31","211.29K","-0.61%"
"04/15/2024","24.59","24.98","25.00","24.20","331.57K","-1.05%"
"04/12/2024","24.85","25.07","25.29","24.61","389.95K","-0.08%"
"04/11/2024","24.87","25.06","25.17","24.76","246.61K","0.69%"
"04/10/2024","24.70","24.82","24.98","24.44","243.30K","0.73%"
"04/09/2024","24.52","24.32","24.68","24.14","296.72K","2.55%"
"04/08/2024","23.91","23.85","24.03","23.76","119.45K","0.59%"
"04/05/2024","23.77","23.54","24.04","23.16","265.45K","1.19%"
"04/04/2024","23.49","23.61","23.74","23.36","183.84K","-0.38%"
"04/03/2024","23.58","23.60","23.67","23.32","186.73K","-1.46%"
"04/02/2024","23.93","24.07","24.18","23.76","358.27K","2.05%"
"03/28/2024","23.45","23.87","24.09","23.36","377.05K","-2.49%"
"03/27/2024","24.05","24.14","24.17","23.67","716.55K","-5.31%"
"03/26/2024","25.40","25.51","25.65","24.75","443.86K","2.32%"
"03/25/2024","24.83","24.99","25.06","24.41","712.92K","-1.66%"
"03/22/2024","25.25","25.32","25.50","25.10","169.70K","-0.61%"
"03/21/2024","25.40","25.49","25.51","25.10","177.61K","-0.63%"
"03/20/2024","25.56","25.44","25.58","25.10","208.73K","0.43%"
"03/19/2024","25.45","25.34","25.49","24.80","370.81K","-1.09%"
"03/18/2024","25.73","25.55","25.73","25.17","626.02K","3.96%"
"03/15/2024","24.75","24.52","24.82","24.50","297.29K","0.45%"
"03/14/2024","24.64","24.80","24.85","24.34","439.96K","2.24%"
"03/13/2024","24.10","24.56","24.59","24.10","438.07K","-1.31%"
"03/12/2024","24.42","24.41","24.74","24.20","805.95K","5.03%"
"03/11/2024","23.25","23.00","23.32","22.75","550.10K","5.99%"
"03/08/2024","21.93","21.99","22.09","21.62","325.95K","-0.97%"
"03/07/2024","22.15","22.15","22.44","21.98","390.38K","-2.47%"
"03/06/2024","22.71","22.56","22.89","22.50","198.92K","0.53%"
"03/05/2024","22.59","22.51","22.68","22.00","338.77K","1.99%"
"03/04/2024","22.15","22.74","22.75","22.05","600.69K","-4.36%"
"03/01/2024","23.16","23.00","23.24","22.93","483.87K","1.71%"
"02/29/2024","22.77","22.88","22.95","22.63","349.93K","0.37%"
"02/28/2024","22.68","22.75","23.03","22.61","771.90K","-3.47%"
"02/27/2024","23.50","23.10","23.92","23.10","1.77M","3.62%"
"02/26/2024","22.68","22.29","22.80","21.97","602.98K","4.28%"
"02/23/2024","21.75","21.98","22.03","21.66","233.98K","-1.58%"
"02/22/2024","22.10","21.95","22.22","21.83","316.29K","0.91%"
"02/21/2024","21.90","22.10","22.19","21.90","229.42K","1.84%"
"02/20/2024","21.50","21.50","21.80","21.50","458.80K","-4.59%"
"02/19/2024","22.54","22.22","22.55","22.06","351.60K","-0.18%"
"02/16/2024","22.58","22.55","22.83","22.42","312.93K","2.64%"
"02/15/2024","22.00","21.85","22.10","21.75","370.02K","-0.61%"
"02/14/2024","22.14","21.89","22.19","21.70","288.67K","0.29%"
"02/13/2024","22.07","22.63","22.88","21.78","566.85K","-1.91%"
"02/12/2024","22.50","21.84","22.65","21.79","531.76K","3.05%"
"02/09/2024","21.83","21.77","21.92","21.62","280.68K","-0.46%"
"02/08/2024","21.93","21.95","22.08","21.82","406.23K","0.05%"
"02/07/2024","21.92","21.84","21.95","21.60","384.29K","-0.11%"
"02/06/2024","21.95","21.51","21.95","21.35","810.06K","7.94%"
"02/05/2024","20.33","20.22","20.49","20.18","619.30K","-0.90%"
"02/02/2024","20.52","20.33","20.62","20.22","771.37K","-2.56%"
"02/01/2024","21.06","20.76","21.30","20.68","679.44K","0.96%"
"01/31/2024","20.86","20.59","20.92","20.22","1.09M","-0.19%"
"01/30/2024","20.90","20.96","21.23","20.85","1.11M","-2.79%"
"01/29/2024","21.50","21.85","22.08","21.50","2.10M","-5.58%"
"01/26/2024","22.77","22.50","22.80","22.46","573.96K","-2.69%"
"01/25/2024","23.40","23.37","23.46","23.14","327.17K","-0.43%"
"01/24/2024","23.50","23.29","23.91","23.16","401.46K","-1.49%"
"01/23/2024","23.85","23.06","23.93","23.06","357.20K","4.83%"
"01/22/2024","22.75","22.30","22.86","22.17","749.58K","-2.63%"
"01/19/2024","23.37","22.88","23.37","22.85","299.08K","0.30%"
"01/18/2024","23.30","22.99","23.48","22.95","384.86K","1.30%"
"01/17/2024","23.00","22.72","23.11","22.54","888.80K","-3.36%"
"01/16/2024","23.80","24.20","24.25","23.80","251.07K","-2.06%"
"01/15/2024","24.30","24.24","24.55","24.02","306.40K","-1.52%"
"01/12/2024","24.67","24.73","24.81","24.40","249.70K","-0.26%"
"01/11/2024","24.74","24.73","24.99","24.56","479.79K","3.06%"
"01/10/2024","24.00","24.05","24.17","23.91","284.07K","-1.30%"
"01/09/2024","24.32","24.40","24.47","24.22","277.98K","-0.14%"
"01/08/2024","24.35","24.00","24.39","23.89","495.45K","-0.39%"
"01/05/2024","24.45","24.40","24.54","24.33","274.56K","-0.69%"
"01/04/2024","24.62","24.55","24.80","24.50","570.55K","-1.44%"
"01/03/2024","24.98","24.60","25.00","24.55","582.91K","1.46%"
"01/02/2024","24.62","24.26","24.67","24.17","650.50K","-1.12%"
"12/29/2023","24.90","24.89","25.05","24.80","296.69K","-0.26%"
"12/28/2023","24.97","24.56","25.05","24.53","875.79K","3.96%"
"12/27/2023","24.01","23.92","24.14","23.80","611.68K","0.08%"
"12/22/2023","24.00","23.59","24.14","23.52","494.96K","1.03%"
"12/21/2023","23.75","23.47","23.77","23.40","332.91K","3.04%"
"12/20/2023","23.05","23.40","23.49","23.05","536.21K","-2.95%"
"12/19/2023","23.75","23.58","23.97","23.52","256.93K","-0.61%"
"12/18/2023","23.90","23.70","23.98","23.47","421.81K","-1.01%"
"12/15/2023","24.14","24.49","24.65","24.02","327.34K","-1.45%"
"12/14/2023","24.50","24.08","24.50","23.95","357.53K","1.01%"
"12/13/2023","24.25","23.99","24.30","23.56","969.38K","-1.02%"
"12/12/2023","24.50","24.74","24.83","24.36","349.50K","-1.53%"
"12/11/2023","24.88","24.83","25.05","24.63","305.20K","-0.58%"
"12/08/2023","25.02","25.00","25.24","24.86","350.38K","-1.84%"
"12/07/2023","25.50","25.23","25.58","25.11","343.93K","0.24%"
"12/06/2023","25.43","25.17","25.78","25.16","686.89K","2.31%"
"12/05/2023","24.86","24.45","24.97","24.45","299.57K","0.53%"
"12/04/2023","24.73","24.34","25.13","24.26","1.00M","1.94%"
"12/01/2023","24.26","24.30","24.45","24.16","431.81K","-1.30%"
"11/30/2023","24.58","24.33","24.89","24.25","457.64K","-1.32%"
"11/29/2023","24.91","24.40","25.25","24.31","843.02K","-3.45%"
"11/28/2023","25.80","25.67","25.90","25.58","489.99K","-2.20%"
"11/27/2023","26.38","26.00","26.39","25.75","705.45K","-3.44%"
"11/24/2023","27.32","26.99","27.36","26.75","548.55K","-4.32%"
"11/23/2023","28.56","28.28","28.56","28.26","53.24K","0.58%"
"11/22/2023","28.39","28.24","28.56","28.08","179.77K","-0.18%"
"11/21/2023","28.44","28.61","28.63","28.27","304.66K","-2.59%"
"11/20/2023","29.19","28.58","29.19","28.50","137.05K","0.52%"
"11/17/2023","29.05","28.95","29.15","28.85","67.46K","-0.33%"
"11/16/2023","29.14","29.75","29.75","28.92","209.03K","-1.92%"
"11/15/2023","29.71","29.35","29.94","29.28","264.11K","1.21%"
"11/14/2023","29.35","29.25","29.50","28.94","132.18K","0.00%"
"11/13/2023","29.35","28.82","29.35","28.82","174.55K","1.29%"
"11/10/2023","28.98","28.96","29.15","28.60","128.99K","-0.62%"
"11/09/2023","29.16","29.47","29.64","28.98","115.11K","-0.88%"
"11/08/2023","29.42","29.31","29.67","29.00","115.65K","-0.76%"
"11/07/2023","29.64","29.67","29.77","29.45","87.13K","-0.13%"
"11/06/2023","29.68","29.57","29.69","29.20","188.69K","2.13%"
"11/03/2023","29.06","29.03","29.15","28.81","198.58K","2.18%"
"11/02/2023","28.44","27.89","28.49","27.72","304.59K","-0.56%"
"11/01/2023","28.60","28.26","28.74","28.15","162.51K","-1.58%"
"10/31/2023","29.06","28.74","29.15","28.51","337.59K","-3.15%"
"10/30/2023","30.00","29.63","30.19","29.41","228.43K","2.86%"
"10/27/2023","29.17","29.76","29.89","29.16","107.76K","-0.95%"
"10/26/2023","29.45","29.40","29.65","29.22","118.88K","1.31%"
"10/25/2023","29.07","29.32","29.34","28.86","116.86K","-2.58%"
"10/24/2023","29.84","28.58","29.84","28.47","202.04K","2.17%"
"10/23/2023","29.20","29.27","29.38","28.74","253.55K","-0.61%"
"10/20/2023","29.39","29.63","29.63","29.23","202.35K","-1.43%"
"10/19/2023","29.81","30.15","30.27","29.81","188.12K","-2.33%"
"10/18/2023","30.52","30.91","31.05","30.10","477.98K","1.41%"
"10/17/2023","30.09","29.10","30.14","29.01","389.40K","3.10%"
"10/16/2023","29.19","29.06","29.41","29.01","140.43K","-0.51%"
"10/13/2023","29.34","29.56","29.65","29.10","161.22K","-0.93%"
"10/12/2023","29.61","29.87","30.07","29.41","264.41K","1.16%"
"10/11/2023","29.27","29.30","29.50","28.94","171.57K","1.19%"
"10/10/2023","28.93","28.60","29.18","28.41","170.33K","1.33%"
"10/09/2023","28.55","28.21","28.91","28.20","162.48K","0.18%"
"10/06/2023","28.50","28.20","28.50","28.20","106.12K","0.62%"
"10/05/2023","28.33","28.35","28.44","28.06","99.46K","-0.04%"
"10/04/2023","28.33","28.05","28.42","27.91","237.18K","-2.29%"
"10/03/2023","29.00","28.97","29.10","28.84","105.18K","-0.91%"
"10/02/2023","29.26","29.40","29.40","29.02","128.35K","0.19%"
"09/29/2023","29.21","29.15","29.40","28.90","153.19K","2.10%"
"09/28/2023","28.61","28.72","28.80","28.33","111.19K","-1.33%"
"09/27/2023","29.00","28.83","29.00","28.66","74.97K","-0.48%"
"09/26/2023","29.14","28.92","29.25","28.66","131.99K","-2.18%"
"09/25/2023","29.78","29.90","29.94","29.56","117.50K","0.37%"
"09/22/2023","29.67","29.42","29.84","29.42","374.10K","3.98%"
"09/21/2023","28.54","28.69","28.90","28.42","240.35K","-2.26%"
"09/20/2023","29.20","29.39","29.50","29.15","57.99K","-0.54%"
"09/19/2023","29.36","29.40","29.75","29.08","161.67K","-1.14%"
"09/18/2023","29.70","29.77","29.80","29.43","120.18K","0.81%"
"09/15/2023","29.46","29.73","29.78","29.21","133.60K","-0.32%"
"09/14/2023","29.56","29.09","29.74","28.99","178.65K","-0.35%"
"09/13/2023","29.66","30.34","30.34","29.31","282.68K","-3.04%"
"09/12/2023","30.59","30.26","30.59","30.02","397.32K","3.12%"
"09/11/2023","29.67","29.39","29.69","29.31","172.50K","2.08%"
"09/08/2023","29.06","29.20","29.50","28.91","144.55K","-0.34%"
"09/07/2023","29.16","29.55","29.64","28.91","250.79K","-2.23%"
"09/06/2023","29.83","29.84","29.93","29.60","190.16K","0.42%"
"09/05/2023","29.70","29.48","29.75","29.16","324.84K","-2.62%"
"09/04/2023","30.50","29.99","30.59","29.90","314.80K","2.01%"
"09/01/2023","29.90","29.17","29.99","28.52","190.73K","2.96%"
"08/31/2023","29.04","28.99","29.17","28.52","173.21K","-0.21%"
"08/30/2023","29.10","29.06","29.19","28.57","297.68K","2.43%"
"08/29/2023","28.41","28.15","28.59","27.85","628.02K","4.26%"
"08/28/2023","27.25","26.64","28.40","26.42","611.03K","1.68%"
"08/25/2023","26.80","26.66","26.83","26.33","207.35K","0.98%"
"08/24/2023","26.54","26.69","26.94","26.31","487.67K","1.88%"
"08/23/2023","26.05","26.02","26.34","25.66","209.57K","1.15%"
"08/22/2023","25.75","25.35","26.52","25.14","491.52K","-0.90%"
"08/21/2023","25.99","25.57","26.00","25.41","290.24K","0.27%"
"08/18/2023","25.92","26.72","26.78","25.57","528.01K","-4.00%"
"08/17/2023","27.00","27.16","28.05","27.00","418.94K","1.50%"
"08/16/2023","26.60","26.84","27.00","26.45","288.67K","-1.79%"
"08/15/2023","27.08","27.50","27.65","26.92","418.50K","-2.71%"
"08/14/2023","27.84","27.47","28.02","27.22","835.47K","-4.98%"
"08/11/2023","29.30","29.71","29.79","29.11","230.12K","-3.12%"
"08/10/2023","30.25","30.00","30.40","29.97","194.00K","0.92%"
"08/09/2023","29.97","30.05","30.40","29.60","251.46K","-0.75%"
"08/08/2023","30.19","30.39","30.64","29.85","403.47K","-3.24%"
"08/07/2023","31.20","31.46","31.70","31.00","224.68K","0.34%"
"08/04/2023","31.10","31.58","31.59","30.99","294.98K","-3.02%"
"08/03/2023","32.07","31.85","32.09","31.51","182.72K","1.57%"
"08/02/2023","31.58","31.59","31.74","31.00","394.23K","-1.44%"
"08/01/2023","32.03","32.15","32.25","31.97","180.68K","-1.31%"
"07/31/2023","32.46","32.22","32.65","31.91","536.08K","1.44%"
"07/28/2023","32.00","31.50","32.00","31.50","631.13K","3.90%"
"07/27/2023","30.80","30.90","31.19","30.61","386.33K","-1.80%"
"07/26/2023","31.36","30.51","31.36","30.51","372.28K","2.08%"
"07/25/2023","30.73","31.00","31.09","30.60","213.09K","-0.61%"
"07/24/2023","30.92","30.21","31.05","29.70","423.86K","1.24%"
"07/21/2023","30.53","30.59","30.75","30.50","99.29K","-0.05%"
"07/20/2023","30.55","30.52","30.80","30.33","226.41K","-0.11%"
"07/19/2023","30.58","30.15","30.73","30.07","155.40K","2.10%"
"07/18/2023","29.95","30.30","30.44","29.91","208.26K","-1.46%"
"07/17/2023","30.40","30.77","30.89","30.16","195.38K","-1.15%"
"07/14/2023","30.75","29.94","31.05","29.81","391.91K","1.84%"
"07/13/2023","30.20","30.18","30.49","30.07","152.59K","-0.93%"
"07/12/2023","30.49","30.46","30.55","30.10","119.50K","-1.18%"
"07/11/2023","30.85","30.48","30.85","30.45","114.49K","1.76%"
"07/10/2023","30.32","29.66","30.32","29.63","129.83K","-0.38%"
"07/07/2023","30.43","30.05","30.55","29.91","182.73K","-0.10%"
"07/06/2023","30.46","30.88","31.00","30.37","220.23K","-1.10%"
"07/05/2023","30.80","30.67","31.09","30.59","190.32K","-1.22%"
"07/04/2023","31.18","30.81","31.32","30.76","260.63K","1.65%"
"07/03/2023","30.67","30.06","30.77","30.06","220.99K","4.11%"
"06/30/2023","29.47","29.14","29.67","29.14","150.49K","1.29%"
"06/29/2023","29.09","29.11","29.18","28.72","153.09K","-1.34%"
"06/28/2023","29.49","29.39","29.59","29.20","175.80K","-1.22%"
"06/27/2023","29.85","29.50","29.85","28.69","399.13K","0.62%"
"06/26/2023","29.67","29.83","30.00","29.50","152.13K","-0.32%"
"06/23/2023","29.76","29.99","30.33","29.60","196.67K","-2.57%"
"06/22/2023","30.55","30.59","30.75","30.00","185.91K","-0.23%"
"06/21/2023","30.61","30.80","31.35","30.35","437.12K","-0.20%"
"06/20/2023","30.67","30.80","30.85","30.00","745.80K","-3.43%"
"06/19/2023","31.76","31.30","31.90","31.20","254.00K","1.23%"
"06/16/2023","31.38","31.55","31.55","31.20","271.46K","-1.69%"
"06/15/2023","31.92","31.40","31.99","31.38","459.94K","2.97%"
"06/14/2023","31.00","30.70","31.00","30.35","307.90K","1.54%"
"06/13/2023","30.53","30.40","30.90","30.23","224.13K","0.08%"
"06/12/2023","30.50","30.27","30.59","30.16","250.12K","2.28%"
"06/09/2023","29.83","29.65","30.19","29.65","152.94K","1.38%"
"06/08/2023","29.42","29.72","30.00","29.10","218.98K","-1.93%"
"06/07/2023","30.00","30.09","30.32","29.67","218.36K","-1.32%"
"06/06/2023","30.40","30.00","30.64","29.83","399.51K","2.55%"
"06/05/2023","29.65","29.33","29.77","29.25","186.81K","0.17%"
"06/02/2023","29.59","28.80","29.70","28.75","290.54K","3.23%"
"06/01/2023","28.67","28.22","28.80","27.93","186.58K","1.31%"
"05/31/2023","28.30","27.69","28.36","27.57","212.60K","1.87%"
"05/30/2023","27.78","27.70","28.25","27.64","196.52K","1.26%"
"05/29/2023","27.43","27.20","27.65","27.01","167.32K","-1.58%"
"05/26/2023","27.88","27.79","28.25","27.41","399.61K","0.72%"
"05/25/2023","27.67","28.63","28.63","27.55","448.11K","-4.57%"
"05/24/2023","29.00","29.43","29.50","28.92","223.51K","-1.36%"
"05/23/2023","29.40","29.79","29.79","29.35","220.04K","-2.00%"
"05/22/2023","30.00","29.61","30.00","29.60","354.76K","3.50%"
"05/19/2023","28.99","28.92","29.00","28.70","131.64K","1.70%"
"05/18/2023","28.50","28.47","28.86","28.47","102.99K","-0.35%"
"05/17/2023","28.60","28.49","28.60","27.94","187.25K","-0.26%"
"05/16/2023","28.67","28.78","28.93","28.50","232.48K","-1.85%"
"05/15/2023","29.22","28.70","29.26","28.56","249.77K","3.31%"
"05/12/2023","28.28","28.33","29.05","28.11","693.69K","-2.42%"
"05/11/2023","28.98","28.58","28.98","28.43","217.22K","2.04%"
"05/10/2023","28.40","28.40","28.50","28.12","266.28K","2.16%"
"05/09/2023","27.80","27.63","27.81","27.35","122.81K","1.31%"
"05/08/2023","27.44","27.64","27.84","27.44","144.19K","0.68%"
"05/05/2023","27.25","27.07","27.44","26.95","116.40K","-0.38%"
"05/04/2023","27.36","26.99","27.40","26.85","176.08K","2.26%"
"05/03/2023","26.75","26.54","26.90","26.47","120.22K","0.83%"
"05/02/2023","26.53","27.00","27.37","26.38","270.81K","-3.51%"
"04/28/2023","27.50","27.47","27.69","27.06","240.35K","-2.41%"
"04/27/2023","28.18","27.04","28.26","26.98","437.23K","5.44%"
"04/26/2023","26.73","26.75","26.85","26.56","183.55K","4.01%"
"04/25/2023","25.69","25.69","25.97","25.52","133.35K","-2.95%"
"04/24/2023","26.48","26.53","27.00","26.20","182.72K","2.12%"
"04/21/2023","25.92","26.15","26.15","25.52","187.85K","-1.29%"
"04/20/2023","26.26","26.46","26.72","26.11","163.95K","-2.92%"
"04/19/2023","27.06","26.82","27.25","26.47","329.82K","1.10%"
"04/18/2023","26.76","26.90","27.14","26.55","340.46K","-0.83%"
"04/17/2023","26.99","26.70","27.06","26.56","253.89K","3.85%"
"04/14/2023","25.99","26.00","26.15","25.86","117.73K","0.50%"
"04/13/2023","25.85","25.50","25.92","25.45","113.52K","1.35%"
"04/12/2023","25.51","26.00","26.09","25.15","199.78K","-4.08%"
"04/11/2023","26.59","26.55","26.79","26.44","93.19K","-0.02%"
"04/06/2023","26.60","26.26","26.74","26.22","49.79K","1.16%"
"04/05/2023","26.30","26.74","26.83","26.07","119.06K","-1.04%"
"04/04/2023","26.57","26.60","26.75","26.33","348.44K","-1.94%"
"04/03/2023","27.09","27.37","27.50","26.85","229.00K","0.46%"
"03/31/2023","26.97","26.99","27.30","26.70","251.67K","0.09%"
"03/30/2023","26.94","26.28","26.94","26.21","266.95K","4.03%"
"03/29/2023","25.90","25.64","26.09","25.41","221.57K","1.59%"
"03/28/2023","25.50","24.70","25.90","24.23","138.66K","3.72%"
"03/27/2023","24.58","24.77","24.85","24.31","131.02K","-1.68%"
"03/24/2023","25.00","24.92","25.00","24.56","165.93K","0.22%"
"03/23/2023","24.94","24.46","24.94","24.42","116.30K","4.37%"
"03/22/2023","23.90","24.50","24.60","23.90","130.42K","-1.22%"
"03/21/2023","24.19","23.90","24.30","23.63","236.41K","1.62%"
"03/20/2023","23.81","23.68","24.16","23.50","108.86K","-2.28%"
"03/17/2023","24.36","24.44","24.80","23.91","155.50K","-1.34%"
"03/16/2023","24.69","23.88","24.69","23.82","133.64K","3.67%"
"03/15/2023","23.82","23.86","24.08","23.20","192.47K","-0.33%"
"03/14/2023","23.90","23.39","24.20","23.16","267.57K","1.51%"
"03/13/2023","23.55","23.80","23.88","22.93","418.22K","-2.91%"
"03/10/2023","24.25","24.28","24.69","24.00","540.86K","-6.19%"
"03/09/2023","25.85","26.56","26.72","25.70","124.29K","-1.69%"
"03/08/2023","26.30","26.25","26.55","26.06","132.19K","-0.74%"
"03/07/2023","26.49","26.69","26.80","26.41","144.53K","-1.73%"
"03/06/2023","26.95","27.08","27.60","26.91","140.32K","-1.03%"
"03/03/2023","27.24","27.17","27.34","27.00","120.06K","-0.06%"
"03/02/2023","27.25","26.75","27.40","26.67","135.82K","2.12%"
"03/01/2023","26.68","26.73","27.44","26.41","334.70K","4.44%"
"02/28/2023","25.55","25.44","25.59","25.22","179.34K","-1.73%"
"02/27/2023","26.00","25.75","26.22","25.55","221.33K","-1.33%"
"02/24/2023","26.35","26.98","27.05","26.02","210.01K","-1.31%"
"02/23/2023","26.70","26.83","27.39","26.52","154.81K","-0.37%"
"02/22/2023","26.80","26.90","27.09","26.61","192.43K","-0.92%"
"02/21/2023","27.05","27.29","27.30","26.94","184.03K","-0.88%"
"02/20/2023","27.29","27.44","27.55","27.20","122.35K","-0.55%"
"02/17/2023","27.44","27.69","27.69","27.12","298.41K","-2.87%"
"02/16/2023","28.25","27.95","28.45","27.75","203.35K","-0.76%"
"02/15/2023","28.47","27.98","28.68","27.72","144.11K","0.12%"
"02/14/2023","28.43","28.24","28.70","28.15","138.00K","-1.97%"
"02/13/2023","29.00","28.69","29.00","28.60","94.32K","1.68%"
"02/10/2023","28.52","28.61","28.74","28.35","130.15K","-2.01%"
"02/09/2023","29.10","29.34","29.58","29.10","191.73K","2.57%"
"02/08/2023","28.38","28.59","28.78","28.02","260.45K","-2.49%"
"02/07/2023","29.10","28.95","29.48","28.70","132.27K","0.34%"
"02/06/2023","29.00","28.95","29.30","28.40","511.68K","-2.36%"
"02/03/2023","29.70","30.00","30.35","29.70","289.61K","-2.46%"
"02/02/2023","30.45","30.50","30.82","30.20","321.36K","-0.62%"
"02/01/2023","30.64","30.40","30.65","30.00","428.50K","5.06%"
"01/31/2023","29.17","28.74","29.27","28.50","330.39K","-1.47%"
"01/30/2023","29.60","28.54","29.99","27.91","549.10K","0.85%"
"01/27/2023","29.35","28.95","29.55","28.81","243.47K","1.91%"
"01/26/2023","28.80","28.11","28.80","27.56","277.72K","6.27%"
"01/25/2023","27.10","27.10","27.32","26.81","98.38K","0.00%"
"01/24/2023","27.10","27.40","27.58","27.01","194.64K","-1.42%"
"01/23/2023","27.49","27.00","27.75","26.81","269.55K","1.85%"
"01/20/2023","26.99","26.75","27.25","26.52","101.60K","-0.04%"
"01/19/2023","27.00","26.91","27.13","26.10","304.91K","4.25%"
"01/18/2023","25.90","26.28","26.28","25.90","303.73K","-1.71%"
"01/17/2023","26.35","26.00","26.49","25.76","208.65K","-1.20%"
"01/16/2023","26.67","26.60","26.90","26.31","182.23K","-2.13%"
"01/13/2023","27.25","27.42","27.50","27.04","225.54K","-0.69%"
"01/12/2023","27.44","27.03","27.48","26.94","340.38K","4.73%"
"01/11/2023","26.20","25.73","26.20","25.66","321.36K","5.37%"
"01/10/2023","24.86","24.60","24.99","24.52","164.54K","3.17%"
"01/09/2023","24.10","24.39","24.43","24.00","274.47K","-2.43%"
"01/06/2023","24.70","24.81","24.92","24.20","218.87K","-3.52%"
"01/05/2023","25.60","25.17","25.60","25.01","144.77K","1.59%"
"01/04/2023","25.20","24.60","25.54","24.32","202.53K","2.86%"
"01/03/2023","24.50","24.20","24.90","24.07","241.59K","4.26%"
"01/02/2023","23.50","23.17","23.54","23.10","84.16K","1.86%"
"12/30/2022","23.07","23.30","23.47","22.92","79.49K","-0.56%"
"12/29/2022","23.20","22.92","23.39","22.76","146.02K","1.16%"
"12/28/2022","22.93","22.92","23.36","22.70","144.22K","0.11%"
"12/27/2022","22.91","23.38","23.50","22.67","447.02K","-0.43%"
"12/23/2022","23.01","23.42","23.50","23.00","99.63K","-2.60%"
"12/22/2022","23.63","24.33","24.40","23.45","166.35K","-3.57%"
"12/21/2022","24.50","23.80","24.50","23.57","246.75K","1.55%"
"12/20/2022","24.13","24.20","24.49","24.00","158.36K","-0.74%"
"12/19/2022","24.31","24.75","24.85","24.07","204.40K","-2.39%"
"12/16/2022","24.90","25.02","25.34","24.78","143.72K","0.00%"
"12/15/2022","24.90","25.03","25.40","24.50","153.28K","0.00%"
"12/14/2022","24.90","25.17","25.40","24.66","108.14K","-1.19%"
"12/13/2022","25.20","25.85","25.99","25.02","208.68K","-2.78%"
"12/12/2022","25.92","25.69","26.09","25.36","155.84K","1.25%"
"12/09/2022","25.60","26.24","26.25","25.60","184.50K","-2.48%"
"12/08/2022","26.25","25.70","26.28","25.70","442.08K","5.08%"
"12/07/2022","24.98","24.88","25.00","24.35","219.93K","2.34%"
"12/06/2022","24.41","24.16","24.52","24.05","248.42K","4.09%"
"12/05/2022","23.45","24.04","24.04","23.33","236.25K","-4.67%"
"12/02/2022","24.60","23.25","24.60","23.09","227.61K","4.24%"
"12/01/2022","23.60","24.19","24.19","23.20","226.27K","-3.48%"
"11/30/2022","24.45","23.15","24.80","23.15","423.13K","7.88%"
"11/29/2022","22.67","22.00","22.69","22.00","265.80K","5.57%"
"11/28/2022","21.47","21.05","21.58","20.71","409.92K","3.62%"
"11/25/2022","20.72","21.35","21.35","20.61","513.05K","-3.85%"
"11/24/2022","21.55","21.75","21.97","21.55","136.98K","-1.55%"
"11/23/2022","21.89","21.80","22.00","21.42","226.39K","-0.88%"
"11/22/2022","22.08","22.22","22.38","21.90","254.35K","-4.29%"
"11/21/2022","23.08","22.97","23.11","22.74","119.39K","0.72%"
"11/18/2022","22.91","22.64","23.30","22.52","148.99K","-1.84%"
"11/17/2022","23.34","22.82","23.55","22.60","162.67K","0.60%"
"11/16/2022","23.20","23.36","23.80","23.13","140.66K","-3.65%"
"11/15/2022","24.08","24.16","24.39","23.55","281.02K","1.93%"
"11/14/2022","23.63","23.73","23.95","23.43","163.04K","-1.77%"
"11/11/2022","24.05","24.05","24.23","23.85","249.26K","0.80%"
"11/10/2022","23.86","22.50","23.99","22.42","308.69K","4.19%"
"11/09/2022","22.90","23.42","23.96","22.90","313.99K","-8.40%"
"11/08/2022","25.00","24.95","25.14","24.70","147.15K","-0.28%"
"11/07/2022","25.07","25.42","25.68","24.85","269.38K","1.50%"
"11/04/2022","24.70","26.16","26.17","24.41","378.10K","-2.76%"
"11/03/2022","25.40","24.42","25.40","24.23","283.29K","6.66%"
"11/02/2022","23.82","24.50","24.55","23.82","294.39K","2.19%"
"11/01/2022","23.31","23.86","23.90","23.26","313.06K","1.46%"
"10/31/2022","22.97","22.42","22.98","22.33","387.86K","3.98%"
"10/28/2022","22.09","21.63","22.14","20.84","1.25M","-4.78%"
"10/27/2022","23.20","23.85","23.85","22.90","340.32K","-3.27%"
"10/26/2022","23.99","23.73","24.19","23.50","319.15K","0.38%"
"10/25/2022","23.90","23.52","23.90","22.66","775.10K","1.23%"
"10/24/2022","23.60","23.69","24.15","22.91","1.24M","-8.86%"
"10/21/2022","25.90","25.44","25.90","25.22","77.18K","2.57%"
"10/20/2022","25.25","24.99","25.88","24.91","147.71K","-0.86%"
"10/19/2022","25.47","25.80","25.90","25.24","192.88K","-3.50%"
"10/18/2022","26.40","26.50","27.10","26.07","413.92K","0.78%"
"10/17/2022","26.19","25.17","26.19","24.91","241.48K","5.18%"
"10/14/2022","24.90","25.76","25.76","24.90","119.47K","-1.19%"
"10/13/2022","25.20","25.55","25.55","24.50","167.01K","-1.18%"
"10/12/2022","25.50","25.15","26.09","25.10","274.15K","3.26%"
"10/11/2022","24.69","25.19","25.40","24.22","545.43K","0.39%"
"10/10/2022","24.60","24.83","25.09","24.36","479.77K","-3.15%"
"10/07/2022","25.40","25.38","26.15","25.29","440.15K","-4.15%"
"10/06/2022","26.50","26.30","26.69","26.16","194.61K","-1.12%"
"10/05/2022","26.80","26.99","27.09","26.55","313.94K","-1.81%"
"10/04/2022","27.30","26.12","28.08","25.93","1.36M","5.82%"
"10/03/2022","25.80","24.89","26.14","24.69","466.97K","1.96%"
"09/30/2022","25.30","24.90","26.25","24.55","903.65K","-1.96%"
"09/29/2022","25.81","27.08","27.08","25.50","796.32K","-6.84%"
"09/28/2022","27.70","27.59","27.75","26.92","220.03K","-0.72%"
"09/27/2022","27.90","27.90","28.75","27.80","174.06K","-0.43%"
"09/26/2022","28.02","28.20","28.33","27.75","152.41K","1.89%"
"09/23/2022","27.50","27.44","27.56","26.62","437.16K","-0.36%"
"09/22/2022","27.60","27.60","28.00","27.44","87.71K","0.35%"
"09/21/2022","27.50","27.90","28.00","27.50","142.17K","-1.70%"
"09/20/2022","27.98","28.24","28.35","27.81","190.82K","-0.04%"
"09/19/2022","27.99","27.42","27.99","27.16","89.99K","3.04%"
"09/16/2022","27.17","27.59","27.69","27.10","124.44K","-1.04%"
"09/15/2022","27.45","27.75","27.99","27.30","164.88K","-2.23%"
"09/14/2022","28.08","27.98","28.24","27.90","209.29K","-2.16%"
"09/13/2022","28.69","28.80","29.24","28.40","439.39K","0.00%"
"09/12/2022","28.69","28.39","28.72","28.32","252.38K","1.58%"
"09/09/2022","28.25","28.03","28.48","27.90","291.90K","1.95%"
"09/08/2022","27.71","27.68","27.84","27.33","278.41K","-3.92%"
"09/07/2022","28.84","28.40","28.85","28.36","328.72K","3.93%"
"09/06/2022","27.75","28.00","28.67","27.73","462.43K","2.51%"
"09/05/2022","27.07","27.65","27.85","26.83","954.70K","-1.60%"
"09/02/2022","27.51","28.90","29.38","27.25","1.39M","-7.22%"
"09/01/2022","29.65","29.44","29.80","29.13","923.07K","-3.39%"
"08/31/2022","30.69","30.65","31.08","30.33","702.53K","-4.24%"
"08/30/2022","32.05","33.39","33.65","31.60","1.50M","-7.90%"
"08/29/2022","34.80","33.76","34.97","33.39","332.26K","2.82%"
"08/26/2022","33.85","34.03","34.49","33.60","212.42K","-0.65%"
"08/25/2022","34.06","32.80","34.06","32.65","340.38K","1.08%"
"08/24/2022","33.70","33.28","33.94","32.90","731.53K","-2.60%"
"08/23/2022","34.60","35.15","35.15","34.17","160.89K","-1.98%"
"08/22/2022","35.30","35.35","35.70","34.71","179.87K","1.06%"
"08/19/2022","34.93","35.25","35.40","34.75","192.94K","-2.97%"
"08/18/2022","36.00","35.68","36.10","35.40","137.67K","-0.50%"
"08/17/2022","36.18","35.91","36.99","35.85","291.20K","1.17%"
"08/16/2022","35.76","35.94","35.94","35.42","132.57K","0.08%"
"08/15/2022","35.73","35.74","35.95","35.29","153.41K","0.06%"
"08/12/2022","35.71","35.42","35.71","35.20","139.09K","0.31%"
"08/11/2022","35.60","35.29","35.99","35.15","234.75K","1.34%"
"08/10/2022","35.13","34.70","35.30","33.51","481.31K","-2.01%"
"08/09/2022","35.85","36.24","36.28","35.51","115.41K","-1.12%"
"08/08/2022","36.26","36.33","36.88","36.26","143.49K","0.15%"
"08/05/2022","36.20","36.47","36.64","35.90","258.70K","-2.43%"
"08/04/2022","37.10","36.80","37.85","36.56","321.11K","1.67%"
"08/03/2022","36.49","36.33","36.60","35.60","161.88K","1.93%"
"08/02/2022","35.80","35.68","36.40","35.31","303.10K","-1.65%"
"08/01/2022","36.40","36.76","36.85","36.13","257.53K","1.68%"
"07/29/2022","35.80","35.61","35.90","35.13","245.67K","-1.89%"
"07/28/2022","36.49","35.87","36.65","35.85","224.72K","-0.03%"
"07/27/2022","36.50","35.77","36.55","35.76","131.07K","2.16%"
"07/26/2022","35.73","35.77","36.49","35.51","161.19K","0.93%"
"07/25/2022","35.40","34.82","35.78","34.82","147.11K","1.29%"
"07/22/2022","34.95","35.67","35.89","34.81","236.19K","-3.19%"
"07/21/2022","36.10","35.69","36.24","35.13","369.56K","0.84%"
"07/20/2022","35.80","36.00","36.10","35.40","298.07K","-2.32%"
"07/19/2022","36.65","36.39","36.79","35.72","534.73K","0.27%"
"07/18/2022","36.55","37.15","37.24","36.45","266.71K","-3.05%"
"07/15/2022","37.70","37.33","38.06","36.74","620.31K","1.25%"
"07/14/2022","37.24","35.17","37.79","35.08","818.44K","7.93%"
"07/13/2022","34.50","34.56","35.40","33.71","1.97M","0.04%"
"07/12/2022","34.49","35.34","35.94","34.19","1.75M","-10.61%"
"07/11/2022","38.58","38.10","39.48","38.01","702.35K","-4.98%"
"07/08/2022","40.60","40.10","40.79","39.88","400.70K","-2.75%"
"07/07/2022","41.75","40.10","41.75","39.96","557.38K","5.56%"
"07/06/2022","39.55","38.54","39.62","38.51","232.91K","1.42%"
"07/05/2022","38.99","38.01","39.00","37.81","416.70K","0.37%"
"07/04/2022","38.85","38.03","39.00","38.03","158.74K","1.57%"
"07/01/2022","38.25","38.06","38.69","37.60","137.18K","-0.34%"
"06/30/2022","38.38","38.20","38.44","37.56","169.87K","-1.34%"
"06/29/2022","38.90","38.55","38.90","37.55","205.36K","-2.02%"
"06/28/2022","39.70","39.56","39.99","39.10","448.60K","4.47%"
"06/27/2022","38.00","37.95","38.28","37.65","301.24K","1.33%"
"06/24/2022","37.50","37.51","37.74","37.20","187.89K","0.00%"
"06/23/2022","37.50","37.71","37.88","37.01","302.93K","3.61%"
"06/22/2022","36.19","36.37","36.50","35.10","233.70K","-0.85%"
"06/21/2022","36.51","36.13","36.80","35.85","163.74K","-1.32%"
"06/20/2022","36.99","36.11","36.99","36.01","136.14K","3.63%"
"06/17/2022","35.70","35.61","36.08","35.40","204.05K","3.48%"
"06/16/2022","34.50","36.11","36.19","34.01","465.79K","-5.18%"
"06/15/2022","36.38","36.78","36.78","35.85","472.02K","-4.24%"
"06/14/2022","37.99","36.61","38.00","36.20","511.16K","5.18%"
"06/13/2022","36.13","37.59","38.10","35.75","660.05K","-2.89%"
"06/10/2022","37.20","38.04","38.12","36.65","547.70K","5.38%"
"06/09/2022","35.30","35.70","36.12","35.03","267.79K","-3.02%"
"06/08/2022","36.40","35.91","36.40","35.65","294.00K","1.90%"
"06/07/2022","35.72","34.97","35.79","34.75","230.90K","0.46%"
"06/06/2022","35.56","35.46","36.20","35.20","280.26K","3.98%"
"06/03/2022","34.19","34.16","34.69","33.96","233.43K","-1.70%"
"06/02/2022","34.78","33.89","34.79","33.62","311.94K","3.14%"
"06/01/2022","33.72","33.49","33.93","33.21","228.39K","1.70%"
"05/31/2022","33.16","32.75","33.60","32.75","412.05K","1.64%"
"05/30/2022","32.63","32.44","32.74","32.33","164.28K","0.73%"
"05/27/2022","32.39","31.64","32.49","31.42","171.46K","0.17%"
"05/26/2022","32.33","31.38","32.55","31.04","126.09K","4.37%"
"05/25/2022","30.98","31.17","31.45","30.40","161.44K","4.66%"
"05/24/2022","29.60","30.73","30.88","29.50","320.01K","-7.96%"
"05/23/2022","32.16","32.55","32.75","31.82","223.26K","2.10%"
"05/20/2022","31.50","32.10","32.74","30.90","369.47K","-1.27%"
"05/19/2022","31.91","31.58","32.01","31.22","452.64K","3.93%"
"05/18/2022","30.70","31.50","31.69","30.65","413.81K","-0.65%"
"05/17/2022","30.90","30.85","31.05","30.44","411.06K","6.19%"
"05/16/2022","29.10","29.02","29.44","28.70","214.98K","-0.34%"
"05/13/2022","29.20","28.55","29.34","28.55","442.00K","5.80%"
"05/12/2022","27.60","27.19","28.10","26.97","334.99K","2.89%"
"05/11/2022","26.83","28.20","28.32","26.80","340.91K","4.54%"
"05/10/2022","25.66","25.33","26.25","24.91","206.94K","3.05%"
"05/09/2022","24.90","26.95","27.05","24.90","486.39K","-8.79%"
"05/06/2022","27.30","27.70","27.83","26.96","185.72K","-0.73%"
"05/05/2022","27.50","28.93","29.00","27.20","346.13K","-6.37%"
"05/04/2022","29.37","28.59","29.40","28.14","209.79K","2.80%"
"05/03/2022","28.57","28.18","28.57","28.08","142.41K","4.46%"
"05/02/2022","27.35","27.69","28.00","27.25","159.17K","0.50%"
"04/29/2022","27.22","27.84","28.47","27.19","230.89K","-1.75%"
"04/28/2022","27.70","27.19","27.80","26.93","303.48K","1.84%"
"04/27/2022","27.20","26.83","27.25","26.40","168.24K","5.75%"
"04/26/2022","25.72","26.98","26.99","25.72","155.18K","-4.69%"
"04/25/2022","26.99","26.47","26.99","25.70","167.71K","0.00%"
"04/22/2022","26.99","27.35","27.58","26.80","108.80K","2.22%"
"04/21/2022","26.40","26.78","27.39","26.25","316.31K","-3.65%"
"04/20/2022","27.40","28.24","28.50","27.20","148.81K","-3.69%"
"04/19/2022","28.45","28.48","28.52","27.86","142.46K","2.54%"
"04/14/2022","27.75","28.06","28.19","27.56","136.16K","1.09%"
"04/13/2022","27.44","27.16","27.44","26.59","113.21K","4.37%"
"04/12/2022","26.30","26.00","26.85","25.78","127.65K","0.11%"
"04/11/2022","26.26","26.36","26.61","25.22","443.16K","-4.63%"
"04/08/2022","27.54","27.55","28.20","27.39","113.40K","0.15%"
"04/07/2022","27.50","27.55","28.30","27.20","246.10K","-1.17%"
"04/06/2022","27.83","28.08","28.25","27.16","302.08K","-1.07%"
"04/05/2022","28.13","28.75","29.44","27.83","421.49K","-0.97%"
"04/04/2022","28.40","27.70","28.66","27.70","496.53K","8.40%"
"04/01/2022","26.20","25.65","26.65","25.65","360.15K","3.60%"
"03/31/2022","25.29","25.30","26.29","24.81","458.71K","-1.13%"
"03/30/2022","25.58","25.27","25.98","25.25","299.61K","2.61%"
"03/29/2022","24.93","25.03","25.29","24.41","230.20K","-0.40%"
"03/28/2022","25.03","24.61","25.29","24.30","156.58K","0.12%"
"03/25/2022","25.00","24.59","25.13","24.33","576.36K","-4.25%"
"03/24/2022","26.11","26.09","26.49","25.90","212.00K","2.35%"
"03/23/2022","25.51","26.02","26.43","25.51","271.87K","-0.74%"
"03/22/2022","25.70","24.94","25.89","24.88","232.79K","3.63%"
"03/21/2022","24.80","24.81","25.17","24.32","268.65K","-2.75%"
"03/18/2022","25.50","24.59","25.98","24.12","520.09K","5.11%"
"03/17/2022","24.26","24.27","24.90","23.61","415.72K","1.08%"
"03/16/2022","24.00","22.51","24.88","22.43","796.54K","14.39%"
"03/15/2022","20.98","19.16","20.99","18.35","1.24M","5.56%"
"03/14/2022","19.88","21.08","21.10","19.60","1.38M","-9.21%"
"03/11/2022","21.89","22.70","23.26","21.70","455.43K","-2.54%"
"03/10/2022","22.46","23.20","23.24","22.11","380.00K","-4.02%"
"03/09/2022","23.40","21.72","23.50","21.54","967.52K","5.17%"
"03/08/2022","22.25","21.69","23.40","21.41","2.18M","-5.32%"
"03/07/2022","23.50","23.86","24.10","23.11","777.18K","-4.16%"
"03/04/2022","24.52","25.00","25.00","23.43","960.58K","-7.47%"
"03/03/2022","26.50","26.78","27.08","26.22","200.78K","-3.28%"
"03/02/2022","27.40","27.36","27.69","27.20","141.77K","1.75%"
"03/01/2022","26.93","27.60","27.61","26.61","169.03K","-1.75%"
"02/28/2022","27.41","27.02","27.69","26.81","233.81K","0.66%"
"02/25/2022","27.23","26.91","27.45","26.53","264.56K","1.60%"
"02/24/2022","26.80","26.36","26.80","25.21","869.80K","-0.04%"
"02/23/2022","26.81","27.80","27.85","26.81","198.76K","0.79%"
"02/22/2022","26.60","26.80","26.90","26.01","390.73K","4.52%"
"02/21/2022","25.45","27.49","27.85","24.62","658.53K","-7.79%"
"02/18/2022","27.60","27.73","28.04","27.06","152.11K","-1.39%"
"02/17/2022","27.99","28.60","28.69","27.70","312.13K","0.50%"
"02/16/2022","27.85","28.00","28.00","27.31","201.13K","0.22%"
"02/15/2022","27.79","27.22","27.79","27.14","173.53K","4.28%"
"02/14/2022","26.65","26.27","26.69","25.65","638.22K","3.50%"