"Data","Último","Abertura","Alta","Baixa","Vol.","Var. %"
"31.03.2025","95,68","97,50","98,40","95,68","34,84K","-3,60%"
"28.03.2025","99,25","101,30","102,90","98,90","88,34K","-2,70%"
"27.03.2025","102,00","99,95","102,50","98,80","97,83K","-1,26%"
"26.03.2025","103,30","106,00","106,00","103,30","32,42K","-1,53%"
"25.03.2025","104,90","104,80","105,80","104,10","37,84K","0,87%"
"24.03.2025","104,00","105,80","105,80","103,70","42,79K","0,29%"
"21.03.2025","103,70","105,00","105,50","102,70","86,02K","-1,52%"
"20.03.2025","105,30","109,60","110,40","104,80","72,88K","-3,75%"
"19.03.2025","109,40","111,20","111,60","109,10","46,04K","-1,53%"
"18.03.2025","111,10","111,30","112,80","111,00","48,64K","0,36%"
"17.03.2025","110,70","110,90","112,90","110,20","66,56K","0,91%"
"14.03.2025","109,70","109,40","112,30","107,90","57,34K","-0,18%"
"13.03.2025","109,90","111,70","112,10","108,90","62,49K","-2,14%"
"12.03.2025","112,30","111,80","112,30","109,20","74,44K","0,90%"
"11.03.2025","111,30","111,80","116,70","108,90","197,14K","-1,33%"
"10.03.2025","112,80","112,80","113,60","110,30","87,73K","1,62%"
"07.03.2025","111,00","111,60","112,40","110,20","64,26K","-0,98%"
"06.03.2025","112,10","110,00","112,60","109,70","86,71K","3,89%"
"05.03.2025","107,90","107,20","110,60","106,70","95,57K","3,35%"
"04.03.2025","104,40","107,10","107,30","103,40","69,54K","-4,22%"
"03.03.2025","109,00","106,60","112,70","106,60","83,65K","1,77%"
"28.02.2025","107,10","106,40","108,80","106,00","76,15K","-0,09%"
"27.02.2025","107,20","105,30","107,80","104,40","63,32K","-1,56%"
"26.02.2025","108,90","108,00","109,00","107,30","60,15K","1,40%"
"25.02.2025","107,40","103,90","108,40","103,60","75,39K","2,48%"
"24.02.2025","104,80","104,10","104,90","102,70","67,19K","2,34%"
"21.02.2025","102,40","101,30","102,60","101,30","44,60K","1,09%"
"20.02.2025","101,30","100,60","102,50","100,60","41,51K","-0,10%"
"19.02.2025","101,40","104,20","104,30","101,30","58,53K","-2,78%"
"18.02.2025","104,30","104,70","104,90","103,50","29,91K","0,10%"
"17.02.2025","104,20","104,00","104,50","103,40","35,47K","0,58%"
"14.02.2025","103,60","102,20","104,90","102,00","66,43K","0,58%"
"13.02.2025","103,00","98,50","103,80","98,45","144,24K","6,30%"
"12.02.2025","96,90","96,40","97,50","96,00","37,08K","0,52%"
"11.02.2025","96,40","97,55","97,80","95,20","39,07K","-1,28%"
"10.02.2025","97,65","96,50","98,30","96,50","51,29K","1,24%"
"07.02.2025","96,45","98,05","99,65","96,00","43,35K","-2,28%"
"06.02.2025","98,70","95,85","99,25","95,35","45,60K","3,03%"
"05.02.2025","95,80","96,95","97,45","94,35","48,63K","-1,44%"
"04.02.2025","97,20","97,00","98,00","95,90","46,36K","0,21%"
"03.02.2025","97,00","96,35","97,30","93,95","152,48K","-4,34%"
"31.01.2025","101,40","100,90","101,50","100,20","33,45K","0,70%"
"30.01.2025","100,70","100,40","101,40","99,95","39,42K","0,20%"
"29.01.2025","100,50","101,20","103,20","100,40","36,78K","-0,10%"
"28.01.2025","100,60","101,80","102,20","100,10","67,36K","-0,89%"
"27.01.2025","101,50","99,65","102,60","99,25","85,60K","1,86%"
"24.01.2025","99,65","99,15","101,30","98,80","68,43K","1,37%"
"23.01.2025","98,30","97,00","98,85","97,00","57,44K","2,02%"
"22.01.2025","96,35","96,60","97,60","95,65","73,07K","-0,31%"
"21.01.2025","96,65","96,00","96,75","95,30","79,03K","-0,21%"
"20.01.2025","96,85","95,80","97,70","94,00","44,52K","1,47%"
"17.01.2025","95,45","95,15","96,15","95,00","51,28K","0,69%"
"16.01.2025","94,80","96,40","97,20","94,65","73,77K","-0,84%"
"15.01.2025","95,60","94,50","95,85","93,75","68,68K","2,08%"
"14.01.2025","93,65","93,90","94,85","93,40","49,75K","0,92%"
"13.01.2025","92,80","92,70","94,75","92,45","41,25K","0,22%"
"10.01.2025","92,60","91,40","93,90","90,30","66,63K","1,15%"
"09.01.2025","91,55","91,00","92,15","90,15","75,19K","0,33%"
"08.01.2025","91,25","91,30","92,15","90,40","56,69K","-0,27%"
"07.01.2025","91,50","91,45","92,20","90,90","51,71K","0,16%"
"06.01.2025","91,35","89,50","93,50","89,45","95,62K","3,10%"
"03.01.2025","88,60","88,75","89,55","88,25","62,47K","-0,67%"
"02.01.2025","89,20","91,90","92,10","89,15","70,88K","-3,20%"
"30.12.2024","92,15","90,80","92,15","90,55","56,34K","0,88%"
"27.12.2024","91,35","89,00","91,60","89,00","76,30K","2,12%"
"23.12.2024","89,45","91,60","92,10","87,90","84,63K","-1,32%"
"20.12.2024","90,65","88,35","91,25","87,95","126,52K","1,63%"
"19.12.2024","89,20","89,05","91,50","89,05","71,36K","-1,11%"
"18.12.2024","90,20","89,40","90,55","89,25","72,28K","1,23%"
"17.12.2024","89,10","88,05","89,35","88,05","80,99K","0,56%"
"16.12.2024","88,60","90,00","90,75","87,65","103,16K","-2,37%"
"13.12.2024","90,75","89,95","92,45","89,90","101,55K","1,17%"
"12.12.2024","89,70","89,05","90,05","88,90","55,79K","0,79%"
"11.12.2024","89,00","88,70","89,50","88,05","60,86K","0,51%"
"10.12.2024","88,55","86,95","89,00","86,65","69,63K","1,61%"
"09.12.2024","87,15","87,30","87,90","86,40","74,84K","1,22%"
"06.12.2024","86,10","85,00","86,85","85,00","84,96K","1,18%"
"05.12.2024","85,10","84,70","85,40","84,15","65,33K","0,29%"
"04.12.2024","84,85","83,10","85,85","83,00","107,68K","2,17%"
"03.12.2024","83,05","83,00","83,50","82,70","49,96K","-0,18%"
"02.12.2024","83,20","82,60","84,25","81,50","80,26K","-0,24%"
"29.11.2024","83,40","82,75","83,60","81,80","91,91K","0,18%"
"28.11.2024","83,25","82,30","83,75","82,30","53,75K","1,03%"
"27.11.2024","82,40","82,25","83,00","82,05","87,85K","-0,30%"
"26.11.2024","82,65","83,30","83,35","82,30","100,04K","-2,76%"
"25.11.2024","85,00","85,00","85,65","83,80","115,91K","1,19%"
"22.11.2024","84,00","83,65","84,45","82,50","81,12K","0,48%"
"21.11.2024","83,60","84,10","84,25","83,25","52,56K","-0,77%"
"20.11.2024","84,25","85,45","85,80","84,15","58,66K","-1,58%"
"19.11.2024","85,60","86,65","87,25","84,65","56,68K","-1,10%"
"18.11.2024","86,55","86,75","87,50","85,60","53,04K","-0,23%"
"15.11.2024","86,75","85,70","87,75","85,55","65,08K","0,46%"
"14.11.2024","86,35","85,00","86,65","84,70","64,68K","1,71%"
"13.11.2024","84,90","86,20","86,90","83,90","79,40K","-2,30%"
"12.11.2024","86,90","87,65","88,25","86,50","61,94K","-1,36%"
"11.11.2024","88,10","87,90","88,65","86,65","68,32K","0,80%"
"08.11.2024","87,40","89,30","89,30","86,70","68,07K","-2,62%"
"07.11.2024","89,75","87,30","90,95","87,05","75,59K","3,40%"
"06.11.2024","86,80","88,65","89,35","85,35","191,52K","-4,14%"
"05.11.2024","90,55","91,55","92,00","90,35","58,13K","-0,71%"
"04.11.2024","91,20","91,00","92,65","90,80","61,13K","0,16%"
"01.11.2024","91,05","91,10","92,00","91,00","72,02K","-0,49%"
"31.10.2024","91,50","93,00","93,30","90,75","113,70K","-2,03%"
"30.10.2024","93,40","92,35","94,75","91,45","117,97K","1,14%"
"29.10.2024","92,35","95,60","96,30","92,35","87,35K","-3,85%"
"28.10.2024","96,05","98,00","98,05","94,70","63,95K","-1,03%"
"25.10.2024","97,05","97,05","97,65","96,25","44,29K","-0,36%"
"24.10.2024","97,40","95,80","100,20","95,80","71,54K","1,88%"
"23.10.2024","95,60","95,75","97,90","95,60","54,24K","-0,16%"
"22.10.2024","95,75","94,85","95,75","94,60","46,49K","0,95%"
"21.10.2024","94,85","95,50","96,60","94,85","45,40K","-1,09%"
"18.10.2024","95,90","94,30","97,05","94,30","40,46K","1,59%"
"17.10.2024","94,40","95,00","95,85","94,35","45,23K","-0,74%"
"16.10.2024","95,10","95,25","95,75","94,55","60,30K","-0,52%"
"15.10.2024","95,60","96,30","96,50","95,30","75,48K","-0,88%"
"14.10.2024","96,45","97,25","97,40","96,30","55,46K","-0,31%"
"11.10.2024","96,75","97,90","97,90","96,50","78,89K","-1,17%"
"10.10.2024","97,90","97,95","98,75","97,45","42,29K","-0,25%"
"09.10.2024","98,15","97,30","98,60","96,80","33,12K","0,87%"
"08.10.2024","97,30","97,75","98,20","96,85","38,89K","-1,67%"
"07.10.2024","98,95","99,15","99,15","98,20","44,62K","0,15%"
"04.10.2024","98,80","96,50","99,50","96,40","67,25K","2,49%"
"03.10.2024","96,40","97,05","97,20","96,00","76,45K","-1,43%"
"02.10.2024","97,80","98,50","99,30","97,65","62,14K","-1,11%"
"01.10.2024","98,90","100,20","100,70","97,95","84,77K","-1,40%"
"30.09.2024","100,30","104,00","104,00","99,30","144,23K","-4,29%"
"27.09.2024","104,80","101,80","105,20","101,80","102,86K","2,95%"
"26.09.2024","101,80","100,00","101,90","100,00","66,39K","2,67%"
"25.09.2024","99,15","100,00","100,60","98,65","49,91K","-0,85%"
"24.09.2024","100,00","99,50","100,90","99,45","59,87K","1,73%"
"23.09.2024","98,30","96,15","98,30","95,45","59,28K","2,29%"
"20.09.2024","96,10","97,55","97,60","95,70","118,89K","-3,42%"
"19.09.2024","99,50","99,30","101,20","99,30","78,72K","1,12%"
"18.09.2024","98,40","98,70","98,75","98,05","52,05K","0,00%"
"17.09.2024","98,40","97,45","99,30","97,10","45,15K","1,18%"
"16.09.2024","97,25","98,95","98,95","97,00","42,22K","-1,52%"
"13.09.2024","98,75","96,40","99,40","96,40","71,09K","2,81%"
"12.09.2024","96,05","96,00","97,40","95,10","110,46K","1,91%"
"11.09.2024","94,25","93,75","95,30","93,65","68,27K","0,86%"
"10.09.2024","93,45","96,30","96,30","92,65","145,65K","-3,41%"
"09.09.2024","96,75","96,55","97,95","96,40","112,13K","0,21%"
"06.09.2024","96,55","101,20","101,20","96,55","159,14K","-4,59%"
"05.09.2024","101,20","100,00","103,20","99,85","110,24K","0,60%"
"04.09.2024","100,60","101,00","102,20","100,10","141,20K","-1,57%"
"03.09.2024","102,20","103,20","104,80","102,00","154,48K","-0,49%"
"02.09.2024","102,70","101,60","104,50","100,40","163,20K","1,68%"
"30.08.2024","101,00","103,30","103,80","101,00","2,82M","-2,23%"
"29.08.2024","103,30","102,00","104,20","102,00","93,38K","0,19%"
"28.08.2024","103,10","103,80","104,00","102,90","106,70K","-1,62%"
"27.08.2024","104,80","104,90","105,90","104,20","78,49K","-0,57%"
"26.08.2024","105,40","105,00","105,80","104,30","47,76K","-0,28%"
"23.08.2024","105,70","104,20","105,70","104,20","62,14K","1,73%"
"22.08.2024","103,90","105,30","105,40","103,90","73,13K","-1,52%"
"21.08.2024","105,50","102,50","105,50","102,50","68,32K","2,23%"
"20.08.2024","103,20","103,90","104,40","102,40","67,90K","-0,48%"
"19.08.2024","103,70","101,70","104,10","101,70","73,47K","2,27%"
"16.08.2024","101,40","100,90","101,60","100,80","64,89K","0,30%"
"15.08.2024","101,10","99,25","101,30","98,60","64,22K","2,59%"
"14.08.2024","98,55","99,80","100,10","98,55","66,03K","-0,71%"
"13.08.2024","99,25","100,20","100,30","98,75","88,69K","-0,95%"
"12.08.2024","100,20","101,70","102,40","99,70","67,86K","-1,47%"
"09.08.2024","101,70","102,40","103,20","101,30","54,98K","-0,29%"
"08.08.2024","102,00","102,60","102,60","101,30","43,16K","-0,97%"
"07.08.2024","103,00","102,10","104,50","101,20","61,83K","2,39%"
"06.08.2024","100,60","102,20","102,60","100,20","89,24K","-0,59%"
"05.08.2024","101,20","101,00","102,00","98,95","114,88K","-2,50%"
"02.08.2024","103,80","105,40","106,60","103,60","85,18K","-1,52%"
"01.08.2024","105,40","107,00","109,50","105,10","93,97K","-3,39%"
"31.07.2024","109,10","110,30","110,30","108,80","80,45K","-0,64%"
"30.07.2024","109,80","109,30","110,40","108,70","45,88K","0,00%"
"29.07.2024","109,80","110,40","111,10","109,60","48,59K","-0,27%"
"26.07.2024","110,10","108,20","111,40","108,00","49,86K","-0,09%"
"25.07.2024","110,20","109,00","110,60","106,60","90,12K","0,00%"
"24.07.2024","110,20","110,00","111,80","109,50","58,92K","-0,54%"
"23.07.2024","110,80","111,00","112,00","109,40","68,65K","-1,51%"
"22.07.2024","112,50","111,20","112,90","110,90","60,93K","1,44%"
"19.07.2024","110,90","113,40","113,50","110,90","64,63K","-2,72%"
"18.07.2024","114,00","112,70","114,70","112,60","57,61K","1,33%"
"17.07.2024","112,50","112,90","113,40","111,60","58,90K","-0,44%"
"16.07.2024","113,00","114,50","114,60","112,50","55,94K","-1,65%"
"15.07.2024","114,90","115,70","116,10","114,20","61,32K","-0,52%"
"12.07.2024","115,50","114,50","115,50","113,80","53,19K","1,40%"
"11.07.2024","113,90","113,60","114,50","112,70","58,76K","0,26%"
"10.07.2024","113,60","112,40","113,60","110,50","66,00K","1,07%"
"09.07.2024","112,40","112,20","113,00","111,60","61,14K","0,18%"
"08.07.2024","112,20","112,00","113,60","111,50","49,67K","-0,09%"
"05.07.2024","112,30","113,10","114,10","112,30","64,33K","-0,71%"
"04.07.2024","113,10","113,60","114,50","112,60","51,13K","0,18%"
"03.07.2024","112,90","112,10","113,30","111,70","40,91K","1,07%"
"02.07.2024","111,70","112,10","112,40","110,30","65,06K","-0,36%"
"01.07.2024","112,10","114,30","114,80","112,00","67,77K","0,00%"
"28.06.2024","112,10","112,40","113,40","111,90","65,84K","0,09%"
"27.06.2024","112,00","113,10","113,20","111,70","43,49K","-0,71%"
"26.06.2024","112,80","114,10","114,60","111,70","73,87K","-1,48%"
"25.06.2024","114,50","114,50","116,00","113,50","37,55K","0,09%"
"24.06.2024","114,40","112,80","115,60","112,80","54,32K","1,87%"
"21.06.2024","112,30","113,90","113,90","112,30","99,26K","-1,32%"
"20.06.2024","113,80","113,00","114,30","112,80","56,55K","1,07%"
"19.06.2024","112,60","113,70","113,90","112,60","34,66K","-0,88%"
"18.06.2024","113,60","114,50","114,90","113,00","67,40K","0,00%"
"17.06.2024","113,60","113,50","114,20","112,70","67,60K","1,07%"
"14.06.2024","112,40","115,00","115,60","112,00","87,21K","-2,09%"
"13.06.2024","114,80","118,90","118,90","114,70","94,20K","-4,17%"
"12.06.2024","119,80","120,80","120,80","117,20","93,09K","-1,07%"
"11.06.2024","121,10","123,20","123,60","120,50","46,90K","-1,54%"
"10.06.2024","123,00","124,60","124,70","122,30","32,14K","-1,36%"
"07.06.2024","124,70","125,40","125,50","123,10","62,95K","-0,95%"
"06.06.2024","125,90","128,30","128,30","125,80","44,50K","-1,87%"
"05.06.2024","128,30","129,10","130,10","128,10","34,22K","-0,54%"
"04.06.2024","129,00","130,00","130,50","128,70","41,75K","-1,38%"
"03.06.2024","130,80","132,50","133,30","130,80","40,25K","-0,23%"
"31.05.2024","131,10","131,80","132,80","130,20","89,67K","-0,38%"
"30.05.2024","131,60","131,00","134,60","131,00","57,60K","-5,32%"
"29.05.2024","139,00","142,50","142,70","138,50","66,24K","-2,80%"
"28.05.2024","143,00","141,40","144,00","141,00","53,02K","1,35%"
"27.05.2024","141,10","139,90","141,60","139,60","19,62K","1,22%"
"24.05.2024","139,40","137,00","139,40","136,40","23,83K","1,01%"
"23.05.2024","138,00","138,20","140,00","138,00","30,78K","0,22%"
"22.05.2024","137,70","137,90","138,70","136,40","52,16K","-0,72%"
"21.05.2024","138,70","137,70","138,70","137,10","41,44K","0,51%"
"20.05.2024","138,00","139,20","139,90","137,90","40,13K","-1,71%"
"17.05.2024","140,40","139,50","140,40","138,90","43,41K","0,57%"
"16.05.2024","139,60","141,20","141,60","139,00","44,53K","-1,34%"
"15.05.2024","141,50","143,70","144,20","140,60","36,27K","-0,84%"
"14.05.2024","142,70","139,00","143,30","139,00","46,14K","2,88%"
"13.05.2024","138,70","135,80","139,30","135,40","58,72K","2,82%"
"10.05.2024","134,90","135,50","136,00","134,50","37,00K","-0,66%"
"09.05.2024","135,80","134,30","135,90","134,20","20,48K","1,12%"
"08.05.2024","134,30","134,70","134,70","133,00","46,63K","-1,32%"
"07.05.2024","136,10","135,20","136,40","134,90","35,72K","1,04%"
"06.05.2024","134,70","134,00","135,70","133,70","26,86K","1,13%"
"03.05.2024","133,20","132,40","134,40","132,20","25,93K","0,83%"
"02.05.2024","132,10","133,40","134,50","131,40","45,48K","-0,53%"
"30.04.2024","132,80","139,00","139,00","132,50","85,13K","-4,94%"
"29.04.2024","139,70","139,30","140,90","139,30","41,09K","0,29%"
"26.04.2024","139,30","138,00","140,40","138,00","23,57K","1,60%"
"25.04.2024","137,10","139,40","139,70","136,00","27,04K","-1,58%"
"24.04.2024","139,30","140,70","140,70","139,00","24,76K","-0,64%"
"23.04.2024","140,20","140,70","140,90","138,80","20,38K","0,29%"
"22.04.2024","139,80","141,50","141,50","138,30","30,11K","-1,06%"
"19.04.2024","141,30","140,30","141,50","138,90","25,87K","-0,07%"
"18.04.2024","141,40","141,70","142,30","140,10","23,35K","0,21%"
"17.04.2024","141,10","139,90","141,50","138,30","30,21K","-0,42%"
"16.04.2024","141,70","143,60","144,30","141,40","37,12K","-2,68%"
"15.04.2024","145,60","146,20","147,80","145,60","26,27K","-0,34%"
"12.04.2024","146,10","147,60","148,70","145,50","24,48K","-0,34%"
"11.04.2024","146,60","147,00","148,00","145,50","22,93K","-0,27%"
"10.04.2024","147,00","149,80","150,70","146,40","32,80K","-0,41%"
"09.04.2024","147,60","149,00","149,50","147,60","27,96K","7,89%"
"08.04.2024","136,80","139,35","151,15","136,80","27,04K","-8,00%"
"05.04.2024","148,70","148,60","150,70","147,60","51,60K","-1,85%"
"04.04.2024","151,50","147,20","152,50","147,00","71,36K","2,85%"
"03.04.2024","147,30","144,00","147,40","143,50","40,72K","2,65%"
"02.04.2024","143,50","142,70","144,50","142,40","57,90K","1,34%"
"28.03.2024","141,60","140,70","142,15","140,35","49,21K","0,50%"
"27.03.2024","140,90","140,50","141,10","139,15","27,34K","0,39%"
"26.03.2024","140,35","139,50","140,85","138,45","37,78K","0,57%"
"25.03.2024","139,55","137,60","139,65","137,50","24,33K","1,42%"
"22.03.2024","137,60","136,10","138,00","135,00","43,88K","0,15%"
"21.03.2024","137,40","138,75","140,00","137,20","25,10K","-0,18%"
"20.03.2024","137,65","137,55","138,00","136,20","26,60K","-0,40%"
"19.03.2024","138,20","135,80","138,35","135,20","45,68K","1,43%"
"18.03.2024","136,25","132,15","136,40","132,15","95,48K","3,30%"
"15.03.2024","131,90","130,70","133,70","130,70","83,16K","0,84%"
"14.03.2024","130,80","132,80","133,30","130,10","74,14K","-1,06%"
"13.03.2024","132,20","140,00","140,20","132,20","81,91K","-4,45%"
"12.03.2024","138,35","135,30","138,65","133,30","42,66K","2,41%"
"11.03.2024","135,10","133,75","135,10","133,10","37,15K","0,60%"
"08.03.2024","134,30","134,05","135,80","133,40","32,39K","-0,44%"
"07.03.2024","134,90","134,90","135,40","133,20","38,56K","-1,14%"
"06.03.2024","136,45","138,60","139,05","135,90","47,46K","-1,69%"
"05.03.2024","138,80","141,40","141,50","136,65","53,48K","-2,15%"
"04.03.2024","141,85","141,05","143,15","130,80","49,21K","1,39%"
"01.03.2024","139,90","146,30","147,90","133,50","113,43K","-3,68%"
"29.02.2024","145,25","145,25","146,55","144,65","141,45K","-0,21%"
"28.02.2024","145,55","144,00","145,55","143,45","41,34K","1,22%"
"27.02.2024","143,80","140,70","143,95","140,35","34,95K","2,20%"
"26.02.2024","140,70","141,00","141,60","138,85","30,70K","-0,46%"
"23.02.2024","141,35","139,35","141,35","139,30","35,02K","1,54%"
"22.02.2024","139,20","137,30","139,90","136,90","54,83K","1,79%"
"21.02.2024","136,75","134,20","137,10","133,70","39,85K","1,90%"
"20.02.2024","134,20","136,05","136,30","133,75","30,55K","-1,40%"
"19.02.2024","136,10","135,25","137,15","135,10","26,27K","0,26%"
"16.02.2024","135,75","136,00","137,30","135,60","25,49K","0,52%"
"15.02.2024","135,05","133,55","136,00","133,55","28,65K","1,54%"
"14.02.2024","133,00","134,55","134,55","133,00","24,53K","-1,12%"
"13.02.2024","134,50","136,10","137,25","134,35","27,76K","-1,39%"
"12.02.2024","136,40","134,30","136,55","134,25","34,77K","2,13%"
"09.02.2024","133,55","133,10","134,65","132,75","32,07K","0,53%"
"08.02.2024","132,85","131,95","133,35","131,85","27,72K","1,14%"
"07.02.2024","131,35","131,40","133,75","131,35","34,43K","0,11%"
"06.02.2024","131,20","131,80","132,20","129,80","43,05K","-0,30%"
"05.02.2024","131,60","131,85","133,00","131,10","29,15K","-0,19%"
"02.02.2024","131,85","131,95","134,05","131,60","50,26K","0,88%"
"01.02.2024","130,70","131,60","133,95","130,40","58,18K","-0,68%"
"31.01.2024","131,60","128,15","132,05","127,60","68,08K","2,69%"
"30.01.2024","128,15","128,05","129,15","126,65","48,35K","0,12%"
"29.01.2024","128,00","127,55","128,05","125,40","36,52K","0,27%"
"26.01.2024","127,65","124,50","128,30","123,95","52,02K","2,20%"
"25.01.2024","124,90","126,75","127,25","124,40","40,98K","-2,12%"
"24.01.2024","127,60","128,00","129,30","126,40","57,71K","1,55%"
"23.01.2024","125,65","118,40","126,75","118,40","114,93K","6,85%"
"22.01.2024","117,60","116,70","118,95","116,70","26,14K","1,16%"
"19.01.2024","116,25","117,65","117,85","115,45","67,50K","-0,85%"
"18.01.2024","117,25","116,45","117,70","115,75","47,26K","0,60%"
"17.01.2024","116,55","117,35","117,75","115,75","57,11K","-2,43%"
"16.01.2024","119,45","118,75","119,75","118,50","29,90K","0,04%"
"15.01.2024","119,40","120,45","121,05","118,75","36,98K","-0,87%"
"12.01.2024","120,45","122,70","123,65","120,40","51,92K","-2,31%"
"11.01.2024","123,30","123,80","126,30","123,05","66,61K","0,57%"
"10.01.2024","122,60","122,40","123,85","122,40","74,26K","0,16%"
"09.01.2024","122,40","121,55","122,65","120,85","52,11K","0,49%"
"08.01.2024","121,80","119,20","121,80","118,65","79,78K","1,84%"
"05.01.2024","119,60","117,00","119,80","116,50","49,83K","2,09%"
"04.01.2024","117,15","116,00","117,45","115,40","37,34K","1,56%"
"03.01.2024","115,35","118,45","119,10","115,05","71,40K","-2,94%"
"02.01.2024","118,85","119,00","120,50","117,35","53,57K","0,34%"
"29.12.2023","118,45","116,65","118,45","116,40","29,62K","1,54%"
"28.12.2023","116,65","119,70","119,70","116,65","56,12K","-2,38%"
"27.12.2023","119,50","119,60","119,95","118,70","54,55K","-0,08%"
"22.12.2023","119,60","119,80","121,00","119,60","30,56K","-0,13%"
"21.12.2023","119,75","120,55","120,60","119,40","40,45K","-2,09%"
"20.12.2023","122,30","123,50","124,40","122,30","33,35K","-0,69%"
"19.12.2023","123,15","122,30","123,90","122,15","67,38K","0,24%"
"18.12.2023","122,85","123,95","124,15","121,35","71,04K","-1,40%"
"15.12.2023","124,60","125,00","128,10","124,10","91,23K","-0,24%"
"14.12.2023","124,90","124,95","127,20","124,15","65,59K","1,17%"
"13.12.2023","123,45","124,05","124,80","123,45","38,14K","-0,24%"
"12.12.2023","123,75","124,45","126,00","123,75","47,29K","-0,32%"
"11.12.2023","124,15","124,50","125,40","123,50","41,22K","-0,36%"
"08.12.2023","124,60","123,75","125,35","122,85","34,85K","0,56%"
"07.12.2023","123,90","123,15","124,50","122,60","64,59K","-0,36%"
"06.12.2023","124,35","120,95","125,70","120,95","74,07K","3,62%"
"05.12.2023","120,00","118,20","120,00","117,65","51,18K","0,63%"
"04.12.2023","119,25","118,15","119,70","118,15","27,73K","0,63%"
"01.12.2023","118,50","119,35","119,55","117,60","30,24K","-0,42%"
"30.11.2023","119,00","119,95","120,20","118,20","80,06K","-0,38%"
"29.11.2023","119,45","117,05","120,10","116,70","39,94K","1,27%"
"28.11.2023","117,95","117,15","118,00","116,75","33,62K","-0,21%"
"27.11.2023","118,20","119,00","119,40","118,05","24,41K","-1,05%"
"24.11.2023","119,45","117,85","119,60","117,00","18,57K","0,97%"
"23.11.2023","118,30","117,15","119,20","117,15","24,07K","0,51%"
"22.11.2023","117,70","117,30","118,65","117,15","18,60K","0,26%"
"21.11.2023","117,40","119,90","120,25","117,40","39,46K","-2,77%"
"20.11.2023","120,75","121,10","122,40","119,45","29,65K","-0,08%"
"17.11.2023","120,85","120,60","122,15","120,35","27,29K","0,21%"
"16.11.2023","120,60","122,45","124,00","120,45","22,24K","-2,31%"
"15.11.2023","123,45","120,20","123,70","119,90","68,98K","2,75%"
"14.11.2023","120,15","117,00","120,50","116,75","40,69K","3,04%"
"13.11.2023","116,60","114,65","116,60","114,65","35,88K","1,75%"
"10.11.2023","114,60","114,30","115,00","113,60","19,18K","-1,12%"
"09.11.2023","115,90","116,95","117,05","115,35","22,26K","-0,17%"
"08.11.2023","116,10","114,80","116,85","114,55","59,32K","0,74%"
"07.11.2023","115,25","116,30","117,20","115,20","28,53K","-1,71%"
"06.11.2023","117,25","117,70","118,60","116,50","35,05K","-0,04%"
"03.11.2023","117,30","115,95","118,75","115,90","45,35K","2,53%"
"02.11.2023","114,40","111,75","114,85","111,15","53,39K","3,67%"
"01.11.2023","110,35","109,80","110,95","108,80","39,40K","1,42%"
"31.10.2023","108,80","107,55","109,85","107,00","51,97K","1,59%"
"30.10.2023","107,10","106,90","107,65","106,10","81,02K","0,66%"
"27.10.2023","106,40","107,10","109,90","105,95","65,32K","-0,93%"
"26.10.2023","107,40","108,00","109,95","106,45","72,45K","-2,45%"
"25.10.2023","110,10","112,65","112,85","109,40","76,27K","-2,26%"
"24.10.2023","112,65","114,15","114,35","112,60","45,37K","-1,18%"
"23.10.2023","114,00","115,50","115,95","112,10","51,86K","-1,38%"
"20.10.2023","115,60","117,35","117,65","115,60","51,52K","-2,12%"
"19.10.2023","118,10","120,15","120,60","118,10","57,21K","-2,88%"
"18.10.2023","121,60","122,30","123,55","121,35","35,71K","-0,65%"
"17.10.2023","122,40","122,05","122,95","120,90","50,22K","0,08%"
"16.10.2023","122,30","121,70","122,90","120,40","40,15K","0,66%"
"13.10.2023","121,50","123,25","125,15","121,20","47,75K","-1,82%"
"12.10.2023","123,75","126,00","126,55","123,45","39,87K","-1,00%"
"11.10.2023","125,00","123,05","126,45","122,40","49,39K","1,26%"
"10.10.2023","123,45","120,70","124,60","120,70","54,68K","2,62%"
"09.10.2023","120,30","121,25","121,25","119,70","36,50K","-0,78%"
"06.10.2023","121,25","120,25","121,45","119,60","36,68K","1,42%"
"05.10.2023","119,55","121,30","121,70","119,25","31,98K","-1,48%"
"04.10.2023","121,35","120,50","121,85","118,75","34,61K","0,12%"
"03.10.2023","121,20","122,90","123,60","121,10","45,82K","-2,10%"
"02.10.2023","123,80","125,60","126,15","123,45","23,33K","-0,72%"
"29.09.2023","124,70","124,90","126,15","124,40","39,81K","0,61%"
"28.09.2023","123,95","123,35","124,20","122,05","76,87K","-0,36%"
"27.09.2023","124,40","126,50","126,80","123,45","44,90K","-2,16%"
"26.09.2023","127,15","129,40","129,70","126,80","38,99K","-2,19%"
"25.09.2023","130,00","131,55","131,55","129,35","48,74K","-1,70%"
"22.09.2023","132,25","129,75","132,75","129,50","55,91K","1,89%"
"21.09.2023","129,80","128,75","130,35","128,40","53,50K","0,12%"
"20.09.2023","129,65","125,35","129,85","125,35","64,56K","2,82%"
"19.09.2023","126,10","123,85","127,40","123,70","54,34K","2,69%"
"18.09.2023","122,80","124,25","124,80","122,35","36,01K","-1,37%"
"15.09.2023","124,50","125,50","126,00","124,10","110,02K","-0,08%"
"14.09.2023","124,60","124,60","124,95","122,40","57,16K","0,00%"
"13.09.2023","124,60","124,55","128,25","124,50","61,01K","-0,48%"
"12.09.2023","125,20","122,30","127,20","121,95","84,92K","2,71%"
"11.09.2023","121,90","122,00","123,15","121,35","58,12K","0,54%"
"08.09.2023","121,25","121,30","122,50","119,05","43,56K","0,83%"
"07.09.2023","120,25","123,45","124,00","120,20","59,25K","-2,59%"
"06.09.2023","123,45","125,50","126,85","123,30","63,12K","-1,83%"
"05.09.2023","125,75","125,10","126,10","123,20","42,60K","-0,24%"
"04.09.2023","126,05","125,80","127,20","125,45","38,25K","0,60%"
"01.09.2023","125,30","130,00","130,60","125,20","116,64K","-5,00%"
"31.08.2023","131,90","131,55","132,20","130,45","60,76K","0,08%"
"30.08.2023","131,80","132,45","133,80","131,25","50,95K","-0,11%"
"29.08.2023","131,95","132,35","132,55","131,15","36,63K","0,11%"
"28.08.2023","131,80","133,50","133,55","131,10","39,55K","-0,64%"
"25.08.2023","132,65","133,50","133,80","132,35","28,39K","-0,90%"
"24.08.2023","133,85","136,20","136,90","133,75","46,17K","-1,47%"
"23.08.2023","135,85","135,80","136,50","135,15","32,97K","0,11%"
"22.08.2023","135,70","134,20","136,40","134,20","31,78K","1,53%"
"21.08.2023","133,65","133,90","135,55","133,40","43,67K","-0,19%"
"18.08.2023","133,90","133,05","134,50","132,50","36,12K","-0,33%"
"17.08.2023","134,35","134,80","135,60","133,90","39,66K","-0,48%"
"16.08.2023","135,00","135,15","136,30","135,00","35,34K","-0,52%"
"15.08.2023","135,70","136,95","137,30","135,45","24,50K","-0,59%"
"14.08.2023","136,50","137,00","138,35","136,00","30,56K","-0,44%"
"11.08.2023","137,10","138,60","139,15","137,10","29,57K","-0,83%"
"10.08.2023","138,25","138,65","139,85","138,20","28,91K","0,14%"
"09.08.2023","138,05","140,55","140,90","138,05","36,53K","0,04%"
"08.08.2023","138,00","139,85","140,35","136,20","56,71K","-1,92%"
"07.08.2023","140,70","141,20","142,70","140,35","55,84K","-0,35%"
"04.08.2023","141,20","142,60","142,95","141,20","35,91K","-0,53%"
"03.08.2023","141,95","143,30","143,40","141,05","26,55K","-1,18%"
"02.08.2023","143,65","143,80","144,45","142,20","40,17K","-1,20%"
"01.08.2023","145,40","145,65","146,50","144,25","24,00K","-0,03%"
"31.07.2023","145,45","146,00","146,75","145,35","35,55K","-0,51%"
"28.07.2023","146,20","146,00","148,45","145,05","51,92K","-0,61%"
"27.07.2023","147,10","150,65","151,65","144,70","76,39K","-1,64%"
"26.07.2023","149,55","150,15","151,60","147,50","43,12K","-1,38%"
"25.07.2023","151,65","151,05","152,55","150,65","30,86K","0,60%"
"24.07.2023","150,75","149,30","151,15","149,00","22,86K","0,63%"
"21.07.2023","149,80","149,60","151,10","149,35","28,32K","-0,37%"
"20.07.2023","150,35","150,50","151,80","150,00","31,78K","-0,66%"
"19.07.2023","151,35","152,00","152,75","149,80","23,68K","-0,13%"
"18.07.2023","151,55","149,75","151,75","148,65","23,89K","0,97%"
"17.07.2023","150,10","151,00","151,30","149,40","27,33K","-1,15%"
"14.07.2023","151,85","153,75","154,00","151,00","27,98K","-1,59%"
"13.07.2023","154,30","154,10","155,70","153,55","23,60K","-0,26%"
"12.07.2023","154,70","153,70","155,00","153,30","29,59K","0,36%"
"11.07.2023","154,15","153,30","154,45","151,05","30,72K","1,05%"
"10.07.2023","152,55","153,05","154,10","151,50","22,30K","-0,26%"
"07.07.2023","152,95","152,20","153,25","150,50","18,30K","0,79%"
"06.07.2023","151,75","154,80","154,90","151,05","26,97K","-2,85%"
"05.07.2023","156,20","152,50","156,20","152,50","47,22K","1,66%"
"04.07.2023","153,65","154,10","155,00","152,50","14,30K","-0,52%"
"03.07.2023","154,45","154,20","156,40","153,90","28,80K","1,01%"
"30.06.2023","152,90","152,95","154,50","152,35","40,32K","0,76%"
"29.06.2023","151,75","151,60","153,20","151,40","26,36K","0,23%"
"28.06.2023","151,40","149,85","152,00","149,00","37,54K","1,61%"
"27.06.2023","149,00","151,50","151,50","147,65","29,79K","-1,19%"
"26.06.2023","150,80","151,10","151,60","149,30","24,62K","0,03%"
"23.06.2023","150,75","151,60","152,90","150,00","26,44K","-0,56%"
"22.06.2023","151,60","151,35","152,80","150,20","37,01K","-1,72%"
"21.06.2023","154,25","155,55","157,30","153,75","34,05K","-0,52%"
"20.06.2023","155,05","158,55","158,55","154,80","22,42K","-2,24%"
"19.06.2023","158,60","159,00","159,00","157,40","18,60K","-0,78%"
"16.06.2023","159,85","160,20","161,00","158,65","65,10K","-0,06%"
"15.06.2023","159,95","160,65","160,80","158,15","24,06K","-0,47%"
"14.06.2023","160,70","160,00","162,65","159,60","47,09K","1,16%"
"13.06.2023","158,85","158,00","159,55","157,45","32,93K","0,76%"
"12.06.2023","157,65","156,95","158,70","156,05","44,79K","1,12%"
"09.06.2023","155,90","155,00","156,10","153,20","23,49K","0,45%"
"08.06.2023","155,20","152,60","155,35","152,30","48,17K","2,07%"
"07.06.2023","152,05","151,10","152,45","149,65","26,82K","0,50%"
"06.06.2023","151,30","148,95","151,35","148,45","21,25K","0,60%"
"05.06.2023","150,40","149,65","151,00","148,20","23,46K","0,17%"
"02.06.2023","150,15","143,80","150,15","143,35","45,77K","4,85%"
"01.06.2023","143,20","141,60","143,55","141,00","37,63K","1,99%"
"31.05.2023","140,40","145,05","146,15","138,70","111,61K","-4,07%"
"30.05.2023","146,35","147,70","148,35","146,10","25,09K","-0,61%"
"29.05.2023","147,25","147,85","149,25","146,90","13,01K","0,07%"
"26.05.2023","147,15","146,35","147,50","145,85","21,90K","0,82%"
"25.05.2023","145,95","148,35","148,45","145,90","20,07K","-1,29%"
"24.05.2023","147,85","151,40","152,00","147,15","28,43K","-2,28%"
"23.05.2023","151,30","150,95","151,75","148,80","27,10K","-0,23%"
"22.05.2023","151,65","149,30","151,65","148,80","33,27K","1,71%"
"19.05.2023","149,10","149,90","151,20","149,05","31,32K","-0,43%"
"18.05.2023","149,75","146,60","149,90","146,60","42,36K","3,13%"
"17.05.2023","145,20","144,05","146,55","143,45","49,30K","0,17%"
"16.05.2023","144,95","146,00","146,20","143,70","46,55K","-1,19%"
"15.05.2023","146,70","148,85","149,35","146,00","42,22K","-0,71%"
"12.05.2023","147,75","150,45","150,45","147,20","43,04K","-1,34%"
"11.05.2023","149,75","148,00","151,40","146,55","62,18K","-2,89%"
"10.05.2023","154,20","154,00","156,25","153,55","26,13K","0,49%"
"09.05.2023","153,45","155,50","156,25","153,05","51,22K","-1,38%"
"08.05.2023","155,60","153,00","155,80","152,45","32,70K","1,70%"
"05.05.2023","153,00","151,40","154,20","150,50","33,16K","1,16%"
"04.05.2023","151,25","151,85","152,00","149,30","33,78K","0,10%"
"03.05.2023","151,10","150,00","152,05","148,60","35,20K","0,17%"
"02.05.2023","150,85","151,90","154,35","150,55","41,73K","-0,72%"
"28.04.2023","151,95","149,50","151,95","147,25","40,50K","2,29%"
"27.04.2023","148,55","148,25","150,50","148,00","27,49K","0,27%"
"26.04.2023","148,15","148,70","149,40","147,65","33,11K","-0,24%"
"25.04.2023","148,50","150,50","150,70","148,25","27,13K","-1,85%"
"24.04.2023","151,30","150,90","152,25","150,40","29,61K","0,43%"
"21.04.2023","150,65","151,80","152,10","148,85","36,52K","0,23%"
"20.04.2023","150,30","153,90","153,90","150,20","54,00K","-2,43%"
"19.04.2023","154,05","154,00","154,90","151,85","33,53K","-0,13%"
"18.04.2023","154,25","156,10","156,65","154,20","30,31K","-1,09%"
"17.04.2023","155,95","157,45","159,15","155,75","30,21K","-0,64%"
"14.04.2023","156,95","155,15","157,75","155,15","33,96K","1,75%"
"13.04.2023","154,25","154,05","155,55","153,10","24,73K","0,13%"
"12.04.2023","154,05","154,80","156,95","154,05","28,48K","-1,44%"
"11.04.2023","156,30","155,85","157,35","154,70","28,68K","2,32%"
"06.04.2023","152,75","153,45","154,45","151,95","27,20K","-1,10%"
"05.04.2023","154,45","155,50","157,55","154,20","29,92K","-0,99%"
"04.04.2023","156,00","159,40","160,30","156,00","32,88K","-1,86%"
"03.04.2023","158,95","159,35","159,35","156,95","41,31K","0,60%"
"31.03.2023","158,00","158,95","159,50","156,80","34,08K","-0,16%"
"30.03.2023","158,25","154,60","158,60","153,80","47,45K","3,09%"
"29.03.2023","153,50","152,85","153,85","151,40","32,09K","1,02%"
"28.03.2023","151,95","154,50","154,50","151,20","27,23K","0,30%"
"27.03.2023","151,50","151,00","152,90","150,15","34,02K","1,34%"
"24.03.2023","149,50","152,00","152,70","147,80","71,90K","-3,42%"
"23.03.2023","154,80","155,90","158,35","154,50","49,72K","-1,24%"
"22.03.2023","156,75","157,30","159,60","155,65","30,06K","0,03%"
"21.03.2023","156,70","154,90","157,95","154,10","39,93K","2,32%"
"20.03.2023","153,15","152,65","154,40","149,65","53,26K","0,20%"
"17.03.2023","152,85","159,35","159,80","152,70","114,56K","-3,96%"
"16.03.2023","159,15","165,55","165,55","157,00","70,71K","-1,76%"
"15.03.2023","162,00","167,95","170,75","160,30","72,20K","-3,77%"
"14.03.2023","168,35","169,90","170,40","166,10","61,42K","-1,41%"
"13.03.2023","170,75","174,70","174,70","167,50","50,34K","-2,29%"
"10.03.2023","174,75","174,20","175,15","172,25","47,55K","-2,07%"
"09.03.2023","178,45","179,55","180,35","176,75","39,30K","-0,47%"
"08.03.2023","179,30","179,00","181,40","178,60","30,25K","-0,03%"
"07.03.2023","179,35","179,55","182,90","178,65","42,47K","-0,25%"
"06.03.2023","179,80","180,90","184,50","176,30","45,52K","-1,02%"
"03.03.2023","181,65","164,50","182,70","163,60","135,17K","9,69%"
"02.03.2023","165,60","165,50","166,45","164,55","23,47K","-0,75%"
"01.03.2023","166,85","169,00","169,95","166,15","26,65K","-1,16%"
"28.02.2023","168,80","164,00","170,80","161,20","67,96K","2,30%"
"27.02.2023","165,00","163,40","166,35","163,40","22,32K","1,44%"
"24.02.2023","162,65","169,40","169,45","162,65","28,24K","-3,39%"
"23.02.2023","168,35","166,70","169,30","166,50","33,35K","1,29%"
"22.02.2023","166,20","164,65","167,30","162,75","28,03K","0,45%"
"21.02.2023","165,45","167,10","167,60","164,50","26,49K","-1,40%"
"20.02.2023","167,80","169,10","169,25","167,35","18,85K","0,60%"
"17.02.2023","166,80","167,35","168,20","166,50","18,97K","-0,95%"
"16.02.2023","168,40","168,00","170,20","167,40","26,06K","0,90%"
"15.02.2023","166,90","168,35","169,50","166,50","32,06K","-0,63%"
"14.02.2023","167,95","164,00","168,30","163,75","43,34K","2,66%"
"13.02.2023","163,60","164,55","165,40","163,55","16,03K","-0,18%"
"10.02.2023","163,90","165,25","166,35","163,40","24,78K","-1,06%"
"09.02.2023","165,65","164,90","167,35","164,70","29,55K","0,91%"
"08.02.2023","164,15","164,50","165,75","161,35","32,37K","-1,29%"
"07.02.2023","166,30","165,60","167,40","164,70","22,14K","0,85%"
"06.02.2023","164,90","168,00","168,60","164,05","24,94K","-1,93%"
"03.02.2023","168,15","168,00","169,10","166,30","25,53K","-0,30%"
"02.02.2023","168,65","163,60","169,25","163,45","35,91K","3,91%"
"01.02.2023","162,30","160,95","162,95","160,10","32,55K","1,09%"
"31.01.2023","160,55","158,35","160,80","158,25","21,95K","0,69%"
"30.01.2023","159,45","160,55","161,80","158,45","29,00K","-0,34%"
"27.01.2023","160,00","160,90","163,10","159,30","51,10K","-0,09%"
"26.01.2023","160,15","158,20","161,15","158,10","18,24K","1,23%"
"25.01.2023","158,20","158,85","160,80","157,75","18,84K","-0,50%"
"24.01.2023","159,00","161,45","161,45","158,05","24,41K","-0,97%"
"23.01.2023","160,55","160,80","161,25","159,15","24,19K","1,36%"
"20.01.2023","158,40","158,10","159,10","156,10","27,46K","0,80%"
"19.01.2023","157,15","159,10","160,60","157,15","29,27K","-2,72%"
"18.01.2023","161,55","163,05","164,25","161,10","25,26K","-0,80%"
"17.01.2023","162,85","162,60","164,20","160,10","31,22K","0,56%"
"16.01.2023","161,95","161,25","162,20","160,10","27,36K","0,72%"
"13.01.2023","160,80","165,10","165,10","158,65","30,27K","-2,60%"
"12.01.2023","165,10","163,30","165,70","162,90","36,17K","1,66%"
"11.01.2023","162,40","159,40","163,00","159,40","37,45K","1,98%"
"10.01.2023","159,25","160,80","161,70","159,05","30,46K","-1,09%"
"09.01.2023","161,00","162,00","162,00","159,30","30,55K","0,56%"
"06.01.2023","160,10","160,00","160,85","155,65","34,40K","0,28%"
"05.01.2023","159,65","159,05","161,15","158,25","33,22K","0,54%"
"04.01.2023","158,80","155,55","159,55","155,55","29,23K","2,22%"
"03.01.2023","155,35","153,25","156,90","153,25","36,76K","0,81%"
"02.01.2023","154,10","148,80","154,30","148,80","29,48K","4,37%"
"30.12.2022","147,65","148,30","148,70","146,60","29,97K","-0,67%"
"29.12.2022","148,65","144,55","148,65","144,35","37,72K","2,52%"
"28.12.2022","145,00","147,00","147,15","145,00","41,35K","-1,66%"
"27.12.2022","147,45","149,65","150,65","147,25","41,84K","-0,77%"
"23.12.2022","148,60","146,25","150,40","145,20","38,48K","1,89%"
"22.12.2022","145,85","151,55","152,40","145,50","50,69K","-3,67%"
"21.12.2022","151,40","152,80","154,00","150,70","53,39K","-0,82%"
"20.12.2022","152,65","156,00","156,35","152,45","58,13K","-2,34%"
"19.12.2022","156,30","153,00","160,10","152,15","115,94K","-8,11%"
"16.12.2022","170,10","170,05","172,95","168,55","133,50K","-0,58%"
"15.12.2022","171,10","173,00","175,85","170,05","52,28K","-2,23%"
"14.12.2022","175,00","173,40","175,85","172,10","45,51K","0,75%"
"13.12.2022","173,70","173,50","176,60","172,35","67,76K","0,32%"
"12.12.2022","173,15","176,65","176,80","173,15","38,07K","-2,56%"
"09.12.2022","177,70","177,45","179,10","175,60","37,88K","0,03%"
"08.12.2022","177,65","177,60","179,15","175,35","42,96K","-1,28%"
"07.12.2022","179,95","183,70","184,70","179,95","29,56K","-2,23%"
"06.12.2022","184,05","186,00","186,85","182,90","38,41K","-0,97%"
"05.12.2022","185,85","184,50","186,90","182,60","31,57K","1,03%"
"02.12.2022","183,95","184,80","186,00","182,20","26,15K","-1,00%"
"01.12.2022","185,80","186,55","187,00","183,30","44,66K","1,50%"
"30.11.2022","183,05","181,75","185,95","181,75","147,37K","0,74%"
"29.11.2022","181,70","180,25","182,50","177,50","44,58K","0,53%"
"28.11.2022","180,75","182,05","182,30","178,40","39,39K","-1,26%"
"25.11.2022","183,05","183,85","183,85","181,30","18,89K","-0,19%"
"24.11.2022","183,40","180,15","184,95","180,15","21,46K","1,80%"
"23.11.2022","180,15","183,40","184,30","178,40","32,27K","-1,69%"
"22.11.2022","183,25","182,00","186,70","179,90","47,23K","0,05%"
"21.11.2022","183,15","185,60","186,75","182,85","","-2,89%"
"18.11.2022","188,60","185,25","189,45","184,70","32,00K","2,56%"
"17.11.2022","183,90","185,25","186,50","181,40","35,87K","-0,11%"
"16.11.2022","184,10","189,10","189,60","181,60","61,35K","-3,59%"
"15.11.2022","190,95","192,10","193,90","189,70","60,63K","-0,21%"
"14.11.2022","191,35","190,00","192,50","189,20","40,34K","0,45%"
"11.11.2022","190,50","185,00","191,40","184,75","40,19K","3,36%"
"10.11.2022","184,30","178,00","184,90","176,85","46,33K","2,53%"
"09.11.2022","179,75","178,95","181,20","177,70","28,91K","-0,22%"
"08.11.2022","180,15","181,60","182,40","179,75","27,41K","-0,55%"
"07.11.2022","181,15","172,45","182,00","172,00","41,23K","4,11%"
"04.11.2022","174,00","169,00","176,70","168,20","44,69K","3,17%"
"03.11.2022","168,65","170,40","170,40","165,65","27,81K","-1,58%"
"02.11.2022","171,35","175,00","175,60","169,65","46,92K","-1,61%"
"01.11.2022","174,15","175,00","177,45","172,00","33,48K","0,66%"
"31.10.2022","173,00","169,90","174,20","166,20","84,73K","2,34%"
"28.10.2022","169,05","167,80","170,15","163,15","65,65K","-1,72%"
"27.10.2022","172,00","170,10","172,10","167,90","26,72K","0,88%"
"26.10.2022","170,50","170,20","171,50","167,75","44,53K","0,41%"
"25.10.2022","169,80","169,55","171,95","166,40","24,51K","0,27%"
"24.10.2022","169,35","171,00","172,55","168,50","24,28K","-0,27%"
"21.10.2022","169,80","168,75","170,15","166,50","27,98K","-0,59%"
"20.10.2022","170,80","168,15","172,00","167,00","37,62K","1,18%"
"19.10.2022","168,80","171,60","173,20","168,80","36,73K","-1,17%"
"18.10.2022","170,80","172,35","174,45","169,25","59,26K","1,27%"
"17.10.2022","168,65","164,45","171,30","163,50","48,43K","3,56%"
"14.10.2022","162,85","166,20","167,20","161,80","37,30K","-0,58%"
"13.10.2022","163,80","158,90","164,50","158,80","39,84K","2,09%"
"12.10.2022","160,45","164,10","164,50","158,30","64,53K","-2,46%"
"11.10.2022","164,50","162,85","164,70","159,80","52,54K","0,06%"
"10.10.2022","164,40","166,45","169,55","163,65","53,93K","-3,29%"
"07.10.2022","170,00","175,50","176,25","170,00","49,47K","-2,86%"
"06.10.2022","175,00","172,95","175,95","170,80","44,73K","2,31%"
"05.10.2022","171,05","172,90","173,50","167,45","75,31K","-1,36%"
"04.10.2022","173,40","170,00","173,40","168,60","75,13K","2,73%"
"03.10.2022","168,80","165,55","168,85","160,50","103,63K","0,09%"
"30.09.2022","168,65","174,30","175,45","165,10","100,61K","-3,46%"
"29.09.2022","174,70","193,95","194,55","171,45","173,19K","-9,15%"
"28.09.2022","192,30","187,00","194,00","185,60","104,26K","1,77%"
"27.09.2022","188,95","195,20","195,20","188,35","71,79K","-0,55%"
"26.09.2022","190,00","189,00","193,50","186,55","58,81K","-0,11%"
"23.09.2022","190,20","197,20","199,20","189,60","41,27K","-3,26%"
"22.09.2022","196,60","199,25","202,30","196,60","63,32K","-3,20%"
"21.09.2022","203,10","204,70","204,70","199,70","37,93K","-1,12%"
"20.09.2022","205,40","207,20","209,00","202,30","73,54K","1,23%"
"19.09.2022","202,90","196,30","204,30","193,30","95,09K","3,34%"
"16.09.2022","196,35","194,60","196,85","191,00","166,17K","-0,48%"
"15.09.2022","197,30","195,40","198,90","193,20","38,25K","-0,45%"
"14.09.2022","198,20","195,45","199,10","192,10","60,13K","2,06%"
"13.09.2022","194,20","196,85","199,10","193,05","74,19K","-1,57%"
"12.09.2022","197,30","186,60","197,55","186,40","82,96K","6,71%"
"09.09.2022","184,90","189,10","193,00","182,90","70,58K","-1,68%"
"08.09.2022","188,05","193,50","193,50","184,55","58,17K","-1,90%"
"07.09.2022","191,70","193,00","195,60","189,45","37,73K","-0,85%"
"06.09.2022","193,35","183,00","195,55","183,00","64,08K","5,89%"
"05.09.2022","182,60","185,70","188,00","182,00","42,40K","-4,25%"
"02.09.2022","190,70","184,75","191,60","183,85","45,18K","5,71%"
"01.09.2022","180,40","181,60","184,50","180,05","47,02K","-2,06%"
"31.08.2022","184,20","193,35","193,90","184,20","79,63K","-3,66%"
"30.08.2022","191,20","186,60","195,15","186,60","42,70K","3,21%"
"29.08.2022","185,25","183,95","187,10","182,35","35,58K","0,24%"
"26.08.2022","184,80","186,50","191,85","183,95","39,78K","-0,40%"
"25.08.2022","185,55","185,95","186,55","182,50","31,15K","0,87%"
"24.08.2022","183,95","185,60","185,65","180,05","31,13K","-1,13%"
"23.08.2022","186,05","181,00","187,80","180,20","36,76K","2,79%"
"22.08.2022","181,00","191,00","191,25","180,50","51,75K","-6,39%"
"19.08.2022","193,35","196,35","197,45","193,30","23,18K","-2,13%"
"18.08.2022","197,55","195,20","199,00","195,20","17,87K","1,02%"
"17.08.2022","195,55","200,70","201,00","195,10","30,96K","-2,37%"
"16.08.2022","200,30","197,55","200,50","197,25","34,40K","1,11%"
"15.08.2022","198,10","197,95","198,85","195,85","14,34K","0,30%"
"12.08.2022","197,50","198,10","200,60","196,60","24,58K","-0,25%"
"11.08.2022","198,00","197,60","199,40","195,50","33,43K","0,74%"
"10.08.2022","196,55","190,00","196,65","187,50","42,21K","3,31%"
"09.08.2022","190,25","194,00","195,05","190,05","37,18K","-1,30%"
"08.08.2022","192,75","195,00","196,75","192,15","30,94K","-0,34%"
"05.08.2022","193,40","195,30","197,10","192,40","34,17K","-0,87%"
"04.08.2022","195,10","198,90","201,70","194,75","35,58K","-1,19%"
"03.08.2022","197,45","193,90","197,65","192,30","36,37K","1,65%"
"02.08.2022","194,25","193,30","196,80","192,20","44,39K","-0,82%"
"01.08.2022","195,85","192,80","196,70","192,50","35,80K","1,90%"
"29.07.2022","192,20","189,50","193,20","186,35","49,33K","2,51%"
"28.07.2022","187,50","183,00","187,50","182,60","48,53K","3,91%"
"27.07.2022","180,45","183,00","184,65","177,80","43,60K","-1,31%"
"26.07.2022","182,85","182,90","183,95","180,00","35,29K","-0,08%"
"25.07.2022","183,00","188,95","189,45","182,15","51,43K","-3,94%"
"22.07.2022","190,50","189,20","191,75","188,40","30,67K","0,37%"
"21.07.2022","189,80","192,60","194,50","187,80","38,86K","-2,04%"
"20.07.2022","193,75","193,00","194,60","188,15","44,05K","0,68%"
"19.07.2022","192,45","186,05","193,25","184,20","48,16K","2,80%"
"18.07.2022","187,20","185,00","189,75","184,15","35,85K","1,52%"
"15.07.2022","184,40","179,75","184,85","178,00","34,93K","3,45%"
"14.07.2022","178,25","180,80","183,50","175,60","41,47K","-1,82%"
"13.07.2022","181,55","183,45","184,90","178,75","34,02K","-1,81%"
"12.07.2022","184,90","180,20","185,15","179,70","27,63K","0,68%"
"11.07.2022","183,65","185,65","188,95","181,80","30,72K","-2,68%"
"08.07.2022","188,70","179,00","189,20","177,95","67,95K","5,10%"
"07.07.2022","179,55","172,30","179,55","172,10","71,12K","6,09%"
"06.07.2022","169,25","167,85","170,45","166,75","67,83K","1,93%"
"05.07.2022","166,05","173,20","174,60","162,40","61,23K","-3,54%"
"04.07.2022","172,15","175,85","176,85","171,70","26,15K","-0,46%"
"01.07.2022","172,95","173,05","177,20","171,35","47,85K","-0,55%"
"30.06.2022","173,90","181,05","181,10","168,00","87,30K","-5,10%"
"29.06.2022","183,25","185,00","187,30","182,25","51,30K","-1,27%"
"28.06.2022","185,60","186,75","193,15","185,05","82,49K","0,90%"
"27.06.2022","183,95","182,90","185,85","182,15","37,96K","1,66%"
"24.06.2022","180,95","178,90","181,55","174,00","54,08K","1,06%"
"23.06.2022","179,05","182,25","183,65","177,00","49,92K","-1,97%"
"22.06.2022","182,65","182,55","185,45","177,60","71,47K","-1,85%"
"21.06.2022","186,10","186,75","189,65","184,15","32,16K","0,49%"
"20.06.2022","185,20","182,85","185,75","181,00","17,13K","1,98%"
"17.06.2022","181,60","183,90","187,55","180,35","68,19K","-0,93%"
"16.06.2022","183,30","189,70","189,75","182,20","57,04K","-3,25%"
"15.06.2022","189,45","193,15","194,70","189,15","46,47K","-1,04%"
"14.06.2022","191,45","195,40","195,80","187,60","42,23K","-0,83%"
"13.06.2022","193,05","198,75","199,55","191,40","53,68K","-5,37%"
"10.06.2022","204,00","207,50","208,70","202,50","47,45K","-2,81%"
"09.06.2022","209,90","212,60","212,70","207,80","37,42K","-0,94%"
"08.06.2022","211,90","208,80","211,90","205,70","31,06K","1,58%"
"07.06.2022","208,60","209,20","210,10","206,40","24,28K","-1,42%"
"06.06.2022","211,60","213,30","215,70","210,90","26,56K","0,71%"
"03.06.2022","210,10","216,10","217,00","209,40","22,19K","-2,05%"
"02.06.2022","214,50","214,60","215,80","212,20","27,66K","-0,33%"
"01.06.2022","215,20","211,00","216,20","209,60","41,56K","2,77%"
"31.05.2022","209,40","207,40","212,10","205,20","262,51K","2,00%"
"30.05.2022","205,30","199,65","206,00","198,50","40,43K","4,16%"
"27.05.2022","197,10","193,70","197,10","191,85","34,80K","1,76%"
"26.05.2022","193,70","186,25","193,95","185,40","46,25K","4,53%"
"25.05.2022","185,30","185,60","186,70","181,40","58,84K","1,01%"
"24.05.2022","183,45","185,95","189,05","182,30","57,75K","-3,01%"
"23.05.2022","189,15","188,80","190,30","185,25","37,98K","2,38%"
"20.05.2022","184,75","188,60","192,25","184,45","48,75K","-0,81%"
"19.05.2022","186,25","186,50","186,80","181,95","60,95K","-1,46%"
"18.05.2022","189,00","191,75","193,45","188,85","31,33K","-1,46%"
"17.05.2022","191,80","192,10","194,55","190,05","33,78K","0,39%"
"16.05.2022","191,05","192,10","195,05","189,25","55,11K","-0,34%"
"13.05.2022","191,70","190,30","192,80","185,20","103,96K","-3,06%"
"12.05.2022","197,75","191,25","198,90","190,25","66,35K","0,13%"
"11.05.2022","197,50","192,20","199,35","191,05","74,59K","4,06%"
"10.05.2022","189,80","191,10","196,40","189,70","61,00K","-0,52%"
"09.05.2022","190,80","201,80","202,50","190,80","69,20K","-4,98%"
"06.05.2022","200,80","200,50","205,60","198,40","57,24K","0,40%"
"05.05.2022","200,00","208,00","212,80","200,00","55,17K","-2,20%"
"04.05.2022","204,50","210,40","211,20","203,20","39,04K","-1,02%"
"03.05.2022","206,60","206,30","209,20","204,40","42,26K","1,27%"
"02.05.2022","204,00","209,60","210,50","191,60","37,61K","-2,49%"
"29.04.2022","209,20","212,30","214,30","207,70","37,86K","-0,33%"
"28.04.2022","209,90","208,30","213,80","208,00","49,02K","1,70%"
"27.04.2022","206,40","205,20","207,50","199,80","42,97K","1,47%"
"26.04.2022","203,40","215,60","215,90","203,40","44,20K","-3,10%"
"25.04.2022","209,90","211,00","214,10","208,00","35,45K","-2,24%"
"22.04.2022","214,70","217,40","220,30","213,70","29,21K","-3,11%"
"21.04.2022","221,60","215,00","222,50","215,00","35,49K","2,55%"
"20.04.2022","216,10","217,60","217,80","212,90","28,09K","0,70%"
"19.04.2022","214,60","208,50","217,30","207,10","42,42K","2,43%"
"14.04.2022","209,50","210,70","216,30","208,00","47,04K","-0,33%"
"13.04.2022","210,20","208,60","210,20","205,00","55,60K","-0,28%"
"12.04.2022","210,80","210,00","214,10","208,20","45,06K","-1,40%"
"11.04.2022","213,80","215,50","216,80","212,30","29,56K","-1,52%"
"08.04.2022","217,10","217,10","221,10","213,30","33,94K","1,54%"
"07.04.2022","213,80","215,00","218,60","212,80","28,79K","0,09%"
"06.04.2022","213,60","223,20","225,30","211,60","47,53K","-4,64%"
"05.04.2022","224,00","229,30","233,40","222,80","38,84K","-1,97%"
"04.04.2022","228,50","231,10","231,90","225,80","36,68K","0,13%"
"01.04.2022","228,20","225,80","232,80","224,00","43,19K","0,88%"
"31.03.2022","226,20","237,00","237,00","225,60","58,04K","-3,33%"
"30.03.2022","234,00","238,00","238,40","231,20","40,57K","-1,85%"
"29.03.2022","238,40","226,00","240,00","222,60","69,69K","7,48%"
"28.03.2022","221,80","220,20","224,80","220,00","35,11K","1,74%"
"25.03.2022","218,00","224,00","224,00","217,80","29,74K","-1,36%"
"24.03.2022","221,00","220,40","223,60","218,80","37,39K","0,09%"
"23.03.2022","220,80","226,80","228,00","219,20","42,86K","-1,34%"
"22.03.2022","223,80","224,60","226,80","221,60","60,03K","0,72%"
"21.03.2022","222,20","221,00","223,80","217,40","48,49K","0,91%"
"18.03.2022","220,20","220,00","220,60","212,20","106,64K","0,46%"
"17.03.2022","219,20","225,00","225,20","218,60","62,92K","-0,63%"
"16.03.2022","220,60","217,40","224,60","215,20","72,90K","4,85%"
"15.03.2022","210,40","212,20","212,40","202,20","47,59K","0,00%"
"14.03.2022","210,40","216,00","221,40","209,60","52,96K","4,26%"
"11.03.2022","201,80","203,00","210,60","200,60","71,03K","-0,10%"
"10.03.2022","202,00","214,00","214,80","199,30","67,28K","-5,16%"
"09.03.2022","213,00","200,80","213,00","195,70","112,62K","12,40%"
"08.03.2022","189,50","181,00","194,90","180,80","96,71K","2,16%"
"07.03.2022","185,50","189,20","193,10","180,10","139,23K","-5,84%"
"04.03.2022","197,00","207,80","208,80","196,70","90,25K","-7,34%"
"03.03.2022","212,60","220,60","220,80","211,80","68,09K","-2,39%"
"02.03.2022","217,80","212,20","221,60","209,00","99,11K","0,28%"
"01.03.2022","217,20","233,00","238,80","216,00","113,90K","-7,65%"
"28.02.2022","235,20","231,20","240,80","230,00","115,08K","-2,49%"
"25.02.2022","241,20","234,00","244,00","229,80","94,64K","6,35%"
"24.02.2022","226,80","222,00","238,80","222,00","116,10K","-6,74%"
"23.02.2022","243,20","248,40","252,60","242,00","65,15K","-1,78%"
"22.02.2022","247,60","229,20","255,60","225,20","224,21K","4,12%"
"21.02.2022","237,80","244,20","245,80","235,60","40,92K","-1,82%"
"18.02.2022","242,20","248,00","250,20","241,80","46,60K","-3,12%"
"17.02.2022","250,00","252,80","256,40","248,00","33,97K","-1,50%"
"16.02.2022","253,80","256,60","256,60","249,60","46,42K","-0,63%"
"15.02.2022","255,40","240,40","260,00","240,40","80,99K","6,24%"
"14.02.2022","240,40","245,00","245,20","236,00","68,23K","-5,73%"
"11.02.2022","255,00","251,00","258,00","247,60","40,31K","0,08%"
"10.02.2022","254,80","258,60","258,60","252,20","28,04K","-0,62%"
"09.02.2022","256,40","245,20","259,20","244,80","48,45K","5,08%"
"08.02.2022","244,00","245,00","249,60","242,40","37,66K","-0,16%"
"07.02.2022","244,40","250,00","253,20","244,40","36,79K","-0,73%"
"04.02.2022","246,20","253,40","255,20","245,00","65,70K","-3,30%"
"03.02.2022","254,60","257,00","259,00","254,20","21,42K","-1,24%"
"02.02.2022","257,80","260,00","263,60","256,80","27,63K","-1,00%"
"01.02.2022","260,40","257,00","264,00","257,00","37,62K","2,44%"
"31.01.2022","254,20","254,80","258,20","253,40","40,26K","1,03%"
"28.01.2022","251,60","259,80","260,20","250,40","42,28K","-2,33%"
"27.01.2022","257,60","252,20","264,40","252,20","46,38K","0,00%"
"26.01.2022","257,60","252,80","262,00","250,00","55,12K","3,87%"
"25.01.2022","248,00","248,00","249,40","241,80","73,28K","1,47%"
"24.01.2022","244,40","257,40","259,00","242,60","91,40K","-5,78%"
"21.01.2022","259,40","265,00","266,40","256,40","46,53K","-3,50%"
"20.01.2022","268,80","267,00","269,20","264,80","27,94K","0,67%"
"19.01.2022","267,00","266,00","271,40","261,60","42,17K","0,00%"
"18.01.2022","267,00","273,80","273,80","266,40","39,96K","-2,55%"
"17.01.2022","274,00","279,40","279,40","269,20","41,08K","-1,08%"
"14.01.2022","277,00","273,00","278,00","272,00","50,35K","0,14%"
"13.01.2022","276,60","275,40","277,60","270,80","36,90K","0,22%"
"12.01.2022","276,00","278,00","278,00","270,80","50,94K","0,29%"
"11.01.2022","275,20","272,40","275,60","267,40","29,99K","1,70%"
"10.01.2022","270,60","274,80","275,60","267,80","43,98K","-0,22%"
"07.01.2022","271,20","275,00","276,60","268,00","59,05K","-0,88%"
"06.01.2022","273,60","270,00","273,80","267,60","61,95K","-2,08%"
"05.01.2022","279,40","276,00","281,20","274,80","47,13K","2,19%"
"04.01.2022","273,40","265,20","277,20","265,20","50,31K","2,94%"
"03.01.2022","265,60","260,00","266,20","259,40","22,70K","2,79%"